id,explain,minutes,goals_scored,assists,clean_sheets,goals_conceded,own_goals,penalties_saved,penalties_missed,yellow_cards,red_cards,saves,bonus,bps,influence,creativity,threat,ict_index,total_points,in_dreamteam
14,"[{'fixture': 191, 'stats': [{'identifier': 'minutes', 'points': 2, 'value': 90}, {'identifier': 'goals_conceded', 'points': -1, 'value': 2}]}]",90,0,0,0,2,0,0,0,0,0,2,0,11,14.0,0.0,0.0,1.4,1,False
27,"[{'fixture': 199, 'stats': [{'identifier': 'minutes', 'points': 0, 'value': 0}]}]",0,0,0,0,0,0,0,0,0,0,0,0,0,0.0,0.0,0.0,0.0,0,False
47,"[{'fixture': 192, 'stats': [{'identifier': 'minutes', 'points': 2, 'value': 90}, {'identifier': 'clean_sheets', 'points': 4, 'value': 1}]}]",90,0,0,1,0,0,0,0,0,0,2,0,23,19.6,0.0,0.0,2.0,6,False
48,"[{'fixture': 192, 'stats': [{'identifier': 'minutes', 'points': 0, 'value': 0}]}]",0,0,0,0,0,0,0,0,0,0,0,0,0,0.0,0.0,0.0,0.0,0,False
72,"[{'fixture': 192, 'stats': [{'identifier': 'minutes', 'points': 0, 'value': 0}]}]",0,0,0,0,0,0,0,0,0,0,0,0,0,0.0,0.0,0.0,0.0,0,False
73,"[{'fixture': 192, 'stats': [{'identifier': 'minutes', 'points': 0, 'value': 0}]}]",0,0,0,0,0,0,0,0,0,0,0,0,0,0.0,0.0,0.0,0.0,0,False
74,"[{'fixture': 192, 'stats': [{'identifier': 'minutes', 'points': 0, 'value': 0}]}]",0,0,0,0,0,0,0,0,0,0,0,0,0,0.0,0.0,0.0,0.0,0,False
93,"[{'fixture': 193, 'stats': [{'identifier': 'minutes', 'points': 2, 'value': 90}, {'identifier': 'goals_conceded', 'points': -1, 'value': 2}]}]",90,0,0,0,2,0,0,0,0,0,2,0,13,14.4,0.0,0.0,1.4,1,False
94,"[{'fixture': 199, 'stats': [{'identifier': 'minutes', 'points': 2, 'value': 90}, {'identifier': 'goals_conceded', 'points': -1, 'value': 3}, {'identifier': 'saves', 'points': 1, 'value': 3}]}]",90,0,0,0,3,0,0,0,0,0,3,0,14,22.8,0.0,0.0,2.3,2,False
95,"[{'fixture': 193, 'stats': [{'identifier': 'minutes', 'points': 0, 'value': 0}]}]",0,0,0,0,0,0,0,0,0,0,0,0,0,0.0,0.0,0.0,0.0,0,False
111,"[{'fixture': 191, 'stats': [{'identifier': 'minutes', 'points': 2, 'value': 90}]}]",90,0,0,0,1,0,0,0,0,0,1,0,10,7.2,0.0,0.0,0.7,2,False
112,"[{'fixture': 191, 'stats': [{'identifier': 'minutes', 'points': 0, 'value': 0}]}]",0,0,0,0,0,0,0,0,0,0,0,0,0,0.0,0.0,0.0,0.0,0,False
131,"[{'fixture': 198, 'stats': [{'identifier': 'minutes', 'points': 2, 'value': 90}, {'identifier': 'saves', 'points': 1, 'value': 4}]}]",90,0,0,0,1,0,0,0,0,0,4,0,17,30.6,0.0,0.0,3.1,3,False
132,"[{'fixture': 198, 'stats': [{'identifier': 'minutes', 'points': 0, 'value': 0}]}]",0,0,0,0,0,0,0,0,0,0,0,0,0,0.0,0.0,0.0,0.0,0,False
148,"[{'fixture': 196, 'stats': [{'identifier': 'minutes', 'points': 2, 'value': 90}, {'identifier': 'saves', 'points': 1, 'value': 4}]}]",90,0,0,0,1,0,0,0,0,0,4,0,18,30.2,0.0,0.0,3.0,3,False
149,"[{'fixture': 196, 'stats': [{'identifier': 'minutes', 'points': 0, 'value': 0}]}]",0,0,0,0,0,0,0,0,0,0,0,0,0,0.0,0.0,0.0,0.0,0,False
168,"[{'fixture': 200, 'stats': [{'identifier': 'minutes', 'points': 2, 'value': 90}, {'identifier': 'saves', 'points': 1, 'value': 3}]}]",90,0,0,0,1,0,0,0,0,0,3,0,16,27.8,0.0,0.0,2.8,3,False
169,"[{'fixture': 200, 'stats': [{'identifier': 'minutes', 'points': 0, 'value': 0}]}]",0,0,0,0,0,0,0,0,0,0,0,0,0,0.0,0.0,0.0,0.0,0,False
170,"[{'fixture': 200, 'stats': [{'identifier': 'minutes', 'points': 0, 'value': 0}]}]",0,0,0,0,0,0,0,0,0,0,0,0,0,0.0,0.0,0.0,0.0,0,False
189,"[{'fixture': 194, 'stats': [{'identifier': 'minutes', 'points': 2, 'value': 90}, {'identifier': 'clean_sheets', 'points': 4, 'value': 1}]}]",90,0,0,1,0,0,0,0,0,0,2,0,24,16.8,0.0,0.0,1.7,6,False
190,"[{'fixture': 194, 'stats': [{'identifier': 'minutes', 'points': 0, 'value': 0}]}]",0,0,0,0,0,0,0,0,0,0,0,0,0,0.0,0.0,0.0,0.0,0,False
212,"[{'fixture': 195, 'stats': [{'identifier': 'minutes', 'points': 0, 'value': 0}]}]",0,0,0,0,0,0,0,0,0,0,0,0,0,0.0,0.0,0.0,0.0,0,False
213,"[{'fixture': 195, 'stats': [{'identifier': 'minutes', 'points': 2, 'value': 90}, {'identifier': 'clean_sheets', 'points': 4, 'value': 1}]}]",90,0,0,1,0,0,0,0,0,0,0,0,24,4.8,0.0,0.0,0.5,6,False
235,"[{'fixture': 193, 'stats': [{'identifier': 'minutes', 'points': 2, 'value': 90}, {'identifier': 'clean_sheets', 'points': 4, 'value': 1}]}]",90,0,0,1,0,0,0,0,0,0,1,0,23,8.2,0.0,0.0,0.8,6,False
236,"[{'fixture': 193, 'stats': [{'identifier': 'minutes', 'points': 0, 'value': 0}]}]",0,0,0,0,0,0,0,0,0,0,0,0,0,0.0,0.0,0.0,0.0,0,False
237,"[{'fixture': 193, 'stats': [{'identifier': 'minutes', 'points': 0, 'value': 0}]}]",0,0,0,0,0,0,0,0,0,0,0,0,0,0.0,0.0,0.0,0.0,0,False
262,"[{'fixture': 196, 'stats': [{'identifier': 'minutes', 'points': 2, 'value': 90}, {'identifier': 'goals_conceded', 'points': -1, 'value': 2}, {'identifier': 'saves', 'points': 2, 'value': 7}]}]",90,0,0,0,2,0,0,0,0,0,7,0,23,55.2,0.0,0.0,5.5,3,False
263,"[{'fixture': 196, 'stats': [{'identifier': 'minutes', 'points': 0, 'value': 0}]}]",0,0,0,0,0,0,0,0,0,0,0,0,0,0.0,0.0,0.0,0.0,0,False
264,"[{'fixture': 196, 'stats': [{'identifier': 'minutes', 'points': 0, 'value': 0}]}]",0,0,0,0,0,0,0,0,0,0,0,0,0,0.0,0.0,0.0,0.0,0,False
280,"[{'fixture': 197, 'stats': [{'identifier': 'minutes', 'points': 2, 'value': 90}, {'identifier': 'goals_conceded', 'points': -1, 'value': 2}, {'identifier': 'yellow_cards', 'points': -1, 'value': 1}, {'identifier': 'saves', 'points': 1, 'value': 5}]}]",90,0,0,0,2,0,0,0,1,0,5,0,16,27.4,0.0,0.0,2.7,1,False
281,"[{'fixture': 197, 'stats': [{'identifier': 'minutes', 'points': 0, 'value': 0}]}]",0,0,0,0,0,0,0,0,0,0,0,0,0,0.0,0.0,0.0,0.0,0,False
299,"[{'fixture': 195, 'stats': [{'identifier': 'minutes', 'points': 0, 'value': 0}]}]",0,0,0,0,0,0,0,0,0,0,0,0,0,0.0,0.0,0.0,0.0,0,False
317,"[{'fixture': 198, 'stats': [{'identifier': 'minutes', 'points': 0, 'value': 0}]}]",0,0,0,0,0,0,0,0,0,0,0,0,0,0.0,0.0,0.0,0.0,0,False
318,"[{'fixture': 198, 'stats': [{'identifier': 'minutes', 'points': 2, 'value': 90}]}]",90,0,0,0,1,0,0,0,0,0,1,0,9,9.6,0.0,0.0,1.0,2,False
319,"[{'fixture': 198, 'stats': [{'identifier': 'minutes', 'points': 0, 'value': 0}]}]",0,0,0,0,0,0,0,0,0,0,0,0,0,0.0,0.0,0.0,0.0,0,False
340,"[{'fixture': 197, 'stats': [{'identifier': 'minutes', 'points': 0, 'value': 0}]}]",0,0,0,0,0,0,0,0,0,0,0,0,0,0.0,0.0,0.0,0.0,0,False
341,"[{'fixture': 197, 'stats': [{'identifier': 'minutes', 'points': 2, 'value': 90}, {'identifier': 'goals_conceded', 'points': -1, 'value': 2}]}]",90,0,0,0,2,0,0,0,0,0,1,0,10,9.6,0.0,0.0,1.0,1,False
366,"[{'fixture': 199, 'stats': [{'identifier': 'minutes', 'points': 2, 'value': 90}, {'identifier': 'clean_sheets', 'points': 4, 'value': 1}]}]",90,0,0,1,0,0,0,0,0,0,2,0,25,14.2,0.0,0.0,1.4,6,False
367,"[{'fixture': 199, 'stats': [{'identifier': 'minutes', 'points': 0, 'value': 0}]}]",0,0,0,0,0,0,0,0,0,0,0,0,0,0.0,0.0,0.0,0.0,0,False
388,"[{'fixture': 200, 'stats': [{'identifier': 'minutes', 'points': 2, 'value': 90}, {'identifier': 'goals_conceded', 'points': -1, 'value': 2}, {'identifier': 'penalties_saved', 'points': 5, 'value': 1}, {'identifier': 'yellow_cards', 'points': -1, 'value': 1}, {'identifier': 'saves', 'points': 2, 'value': 6}, {'identifier': 'bonus', 'points': 1, 'value': 1}]}]",90,0,0,0,2,0,1,0,1,0,6,1,30,57.0,0.0,0.0,5.7,8,True
411,"[{'fixture': 194, 'stats': [{'identifier': 'minutes', 'points': 2, 'value': 90}]}]",90,0,0,0,1,0,0,0,0,0,2,0,11,15.0,0.0,0.0,1.5,2,False
412,"[{'fixture': 194, 'stats': [{'identifier': 'minutes', 'points': 0, 'value': 0}]}]",0,0,0,0,0,0,0,0,0,0,0,0,0,0.0,0.0,0.0,0.0,0,False
413,"[{'fixture': 194, 'stats': [{'identifier': 'minutes', 'points': 0, 'value': 0}]}]",0,0,0,0,0,0,0,0,0,0,0,0,0,0.0,0.0,0.0,0.0,0,False
427,"[{'fixture': 191, 'stats': [{'identifier': 'minutes', 'points': 0, 'value': 0}]}]",0,0,0,0,0,0,0,0,0,0,0,0,0,0.0,0.0,0.0,0.0,0,False
429,"[{'fixture': 199, 'stats': [{'identifier': 'minutes', 'points': 0, 'value': 0}]}]",0,0,0,0,0,0,0,0,0,0,0,0,0,0.0,0.0,0.0,0.0,0,False
436,"[{'fixture': 195, 'stats': [{'identifier': 'minutes', 'points': 0, 'value': 0}]}]",0,0,0,0,0,0,0,0,0,0,0,0,0,0.0,0.0,0.0,0.0,0,False
449,"[{'fixture': 197, 'stats': [{'identifier': 'minutes', 'points': 0, 'value': 0}]}]",0,0,0,0,0,0,0,0,0,0,0,0,0,0.0,0.0,0.0,0.0,0,False
450,"[{'fixture': 200, 'stats': [{'identifier': 'minutes', 'points': 0, 'value': 0}]}]",0,0,0,0,0,0,0,0,0,0,0,0,0,0.0,0.0,0.0,0.0,0,False
471,"[{'fixture': 195, 'stats': [{'identifier': 'minutes', 'points': 2, 'value': 90}, {'identifier': 'goals_conceded', 'points': -1, 'value': 2}]}]",90,0,0,0,2,0,0,0,0,0,2,0,13,10.8,0.0,0.0,1.1,1,False
474,"[{'fixture': 199, 'stats': [{'identifier': 'minutes', 'points': 0, 'value': 0}]}]",0,0,0,0,0,0,0,0,0,0,0,0,0,0.0,0.0,0.0,0.0,0,False
479,"[{'fixture': 196, 'stats': [{'identifier': 'minutes', 'points': 0, 'value': 0}]}]",0,0,0,0,0,0,0,0,0,0,0,0,0,0.0,0.0,0.0,0.0,0,False
494,"[{'fixture': 192, 'stats': [{'identifier': 'minutes', 'points': 2, 'value': 90}, {'identifier': 'goals_conceded', 'points': -1, 'value': 2}, {'identifier': 'saves', 'points': 1, 'value': 4}]}]",90,0,0,0,2,0,0,0,0,0,4,0,16,28.2,0.0,0.0,2.8,2,False
495,"[{'fixture': 193, 'stats': [{'identifier': 'minutes', 'points': 0, 'value': 0}]}]",0,0,0,0,0,0,0,0,0,0,0,0,0,0.0,0.0,0.0,0.0,0,False
513,"[{'fixture': 199, 'stats': [{'identifier': 'minutes', 'points': 0, 'value': 0}]}]",0,0,0,0,0,0,0,0,0,0,0,0,0,0.0,0.0,0.0,0.0,0,False
521,"[{'fixture': 195, 'stats': [{'identifier': 'minutes', 'points': 0, 'value': 0}]}]",0,0,0,0,0,0,0,0,0,0,0,0,0,0.0,0.0,0.0,0.0,0,False
526,"[{'fixture': 194, 'stats': [{'identifier': 'minutes', 'points': 0, 'value': 0}]}]",0,0,0,0,0,0,0,0,0,0,0,0,0,0.0,0.0,0.0,0.0,0,False
530,"[{'fixture': 194, 'stats': [{'identifier': 'minutes', 'points': 0, 'value': 0}]}]",0,0,0,0,0,0,0,0,0,0,0,0,0,0.0,0.0,0.0,0.0,0,False
531,"[{'fixture': 194, 'stats': [{'identifier': 'minutes', 'points': 0, 'value': 0}]}]",0,0,0,0,0,0,0,0,0,0,0,0,0,0.0,0.0,0.0,0.0,0,False
543,"[{'fixture': 197, 'stats': [{'identifier': 'minutes', 'points': 0, 'value': 0}]}]",0,0,0,0,0,0,0,0,0,0,0,0,0,0.0,0.0,0.0,0.0,0,False
548,"[{'fixture': 198, 'stats': [{'identifier': 'minutes', 'points': 0, 'value': 0}]}]",0,0,0,0,0,0,0,0,0,0,0,0,0,0.0,0.0,0.0,0.0,0,False
551,"[{'fixture': 197, 'stats': [{'identifier': 'minutes', 'points': 0, 'value': 0}]}]",0,0,0,0,0,0,0,0,0,0,0,0,0,0.0,0.0,0.0,0.0,0,False
553,"[{'fixture': 200, 'stats': [{'identifier': 'minutes', 'points': 0, 'value': 0}]}]",0,0,0,0,0,0,0,0,0,0,0,0,0,0.0,0.0,0.0,0.0,0,False
555,"[{'fixture': 197, 'stats': [{'identifier': 'minutes', 'points': 0, 'value': 0}]}]",0,0,0,0,0,0,0,0,0,0,0,0,0,0.0,0.0,0.0,0.0,0,False
556,"[{'fixture': 198, 'stats': [{'identifier': 'minutes', 'points': 0, 'value': 0}]}]",0,0,0,0,0,0,0,0,0,0,0,0,0,0.0,0.0,0.0,0.0,0,False
558,"[{'fixture': 197, 'stats': [{'identifier': 'minutes', 'points': 0, 'value': 0}]}]",0,0,0,0,0,0,0,0,0,0,0,0,0,0.0,0.0,0.0,0.0,0,False
562,"[{'fixture': 195, 'stats': [{'identifier': 'minutes', 'points': 0, 'value': 0}]}]",0,0,0,0,0,0,0,0,0,0,0,0,0,0.0,0.0,0.0,0.0,0,False
573,"[{'fixture': 196, 'stats': [{'identifier': 'minutes', 'points': 0, 'value': 0}]}]",0,0,0,0,0,0,0,0,0,0,0,0,0,0.0,0.0,0.0,0.0,0,False
582,"[{'fixture': 200, 'stats': [{'identifier': 'minutes', 'points': 0, 'value': 0}]}]",0,0,0,0,0,0,0,0,0,0,0,0,0,0.0,0.0,0.0,0.0,0,False
1,"[{'fixture': 191, 'stats': [{'identifier': 'minutes', 'points': 2, 'value': 67}, {'identifier': 'goals_conceded', 'points': -1, 'value': 2}]}]",67,0,0,0,2,0,0,0,0,0,0,0,8,9.6,0.2,0.0,1.0,1,False
2,"[{'fixture': 191, 'stats': [{'identifier': 'minutes', 'points': 0, 'value': 0}]}]",0,0,0,0,0,0,0,0,0,0,0,0,0,0.0,0.0,0.0,0.0,0,False
3,"[{'fixture': 191, 'stats': [{'identifier': 'minutes', 'points': 0, 'value': 0}]}]",0,0,0,0,0,0,0,0,0,0,0,0,0,0.0,0.0,0.0,0.0,0,False
4,"[{'fixture': 191, 'stats': [{'identifier': 'minutes', 'points': 2, 'value': 90}, {'identifier': 'goals_conceded', 'points': -1, 'value': 2}, {'identifier': 'yellow_cards', 'points': -1, 'value': 1}]}]",90,0,0,0,2,0,0,0,1,0,0,0,12,15.4,1.3,2.0,1.9,0,False
5,"[{'fixture': 191, 'stats': [{'identifier': 'minutes', 'points': 0, 'value': 0}]}]",0,0,0,0,0,0,0,0,0,0,0,0,0,0.0,0.0,0.0,0.0,0,False
6,"[{'fixture': 191, 'stats': [{'identifier': 'minutes', 'points': 0, 'value': 0}]}]",0,0,0,0,0,0,0,0,0,0,0,0,0,0.0,0.0,0.0,0.0,0,False
7,"[{'fixture': 191, 'stats': [{'identifier': 'minutes', 'points': 0, 'value': 0}]}]",0,0,0,0,0,0,0,0,0,0,0,0,0,0.0,0.0,0.0,0.0,0,False
8,"[{'fixture': 191, 'stats': [{'identifier': 'minutes', 'points': 0, 'value': 0}]}]",0,0,0,0,0,0,0,0,0,0,0,0,0,0.0,0.0,0.0,0.0,0,False
9,"[{'fixture': 191, 'stats': [{'identifier': 'minutes', 'points': 0, 'value': 0}]}]",0,0,0,0,0,0,0,0,0,0,0,0,0,0.0,0.0,0.0,0.0,0,False
10,"[{'fixture': 191, 'stats': [{'identifier': 'minutes', 'points': 0, 'value': 0}]}]",0,0,0,0,0,0,0,0,0,0,0,0,0,0.0,0.0,0.0,0.0,0,False
22,"[{'fixture': 199, 'stats': [{'identifier': 'minutes', 'points': 2, 'value': 90}, {'identifier': 'goals_conceded', 'points': -1, 'value': 3}]}]",90,0,0,0,3,0,0,0,0,0,0,0,12,9.2,17.3,0.0,2.7,1,False
23,"[{'fixture': 199, 'stats': [{'identifier': 'minutes', 'points': 0, 'value': 0}]}]",0,0,0,0,0,0,0,0,0,0,0,0,0,0.0,0.0,0.0,0.0,0,False
24,"[{'fixture': 199, 'stats': [{'identifier': 'minutes', 'points': 0, 'value': 0}]}]",0,0,0,0,0,0,0,0,0,0,0,0,0,0.0,0.0,0.0,0.0,0,False
25,"[{'fixture': 199, 'stats': [{'identifier': 'minutes', 'points': 2, 'value': 90}, {'identifier': 'goals_conceded', 'points': -1, 'value': 3}]}]",90,0,0,0,3,0,0,0,0,0,0,0,13,22.4,1.1,0.0,2.4,1,False
37,"[{'fixture': 192, 'stats': [{'identifier': 'minutes', 'points': 2, 'value': 90}, {'identifier': 'clean_sheets', 'points': 4, 'value': 1}]}]",90,0,0,1,0,0,0,0,0,0,0,0,21,7.2,0.6,2.0,1.0,6,False
38,"[{'fixture': 192, 'stats': [{'identifier': 'minutes', 'points': 2, 'value': 90}, {'identifier': 'clean_sheets', 'points': 4, 'value': 1}]}]",90,0,0,1,0,0,0,0,0,0,0,0,26,20.8,3.3,0.0,2.4,6,False
39,"[{'fixture': 192, 'stats': [{'identifier': 'minutes', 'points': 0, 'value': 0}]}]",0,0,0,0,0,0,0,0,0,0,0,0,0,0.0,0.0,0.0,0.0,0,False
40,"[{'fixture': 192, 'stats': [{'identifier': 'minutes', 'points': 0, 'value': 0}]}]",0,0,0,0,0,0,0,0,0,0,0,0,0,0.0,0.0,0.0,0.0,0,False
41,"[{'fixture': 192, 'stats': [{'identifier': 'minutes', 'points': 0, 'value': 0}]}]",0,0,0,0,0,0,0,0,0,0,0,0,0,0.0,0.0,0.0,0.0,0,False
42,"[{'fixture': 192, 'stats': [{'identifier': 'minutes', 'points': 2, 'value': 90}, {'identifier': 'clean_sheets', 'points': 4, 'value': 1}, {'identifier': 'bonus', 'points': 2, 'value': 2}]}]",90,0,0,1,0,0,0,0,0,0,0,2,31,19.0,0.8,6.0,2.6,8,True
43,"[{'fixture': 192, 'stats': [{'identifier': 'minutes', 'points': 0, 'value': 0}]}]",0,0,0,0,0,0,0,0,0,0,0,0,0,0.0,0.0,0.0,0.0,0,False
58,"[{'fixture': 192, 'stats': [{'identifier': 'minutes', 'points': 2, 'value': 90}, {'identifier': 'goals_conceded', 'points': -1, 'value': 2}, {'identifier': 'yellow_cards', 'points': -1, 'value': 1}]}]",90,0,0,0,2,0,0,0,1,0,0,0,5,14.4,0.5,1.0,1.6,0,False
59,"[{'fixture': 192, 'stats': [{'identifier': 'minutes', 'points': 0, 'value': 0}]}]",0,0,0,0,0,0,0,0,0,0,0,0,0,0.0,0.0,0.0,0.0,0,False
60,"[{'fixture': 192, 'stats': [{'identifier': 'minutes', 'points': 0, 'value': 0}]}]",0,0,0,0,0,0,0,0,0,0,0,0,0,0.0,0.0,0.0,0.0,0,False
61,"[{'fixture': 192, 'stats': [{'identifier': 'minutes', 'points': 2, 'value': 90}, {'identifier': 'goals_conceded', 'points': -1, 'value': 2}]}]",90,0,0,0,2,0,0,0,0,0,0,0,19,29.0,10.7,4.0,4.4,1,False
62,"[{'fixture': 192, 'stats': [{'identifier': 'minutes', 'points': 0, 'value': 0}]}]",0,0,0,0,0,0,0,0,0,0,0,0,0,0.0,0.0,0.0,0.0,0,False
63,"[{'fixture': 192, 'stats': [{'identifier': 'minutes', 'points': 0, 'value': 0}]}]",0,0,0,0,0,0,0,0,0,0,0,0,0,0.0,0.0,0.0,0.0,0,False
64,"[{'fixture': 192, 'stats': [{'identifier': 'minutes', 'points': 0, 'value': 0}]}]",0,0,0,0,0,0,0,0,0,0,0,0,0,0.0,0.0,0.0,0.0,0,False
65,"[{'fixture': 192, 'stats': [{'identifier': 'minutes', 'points': 2, 'value': 90}, {'identifier': 'goals_conceded', 'points': -1, 'value': 2}]}]",90,0,0,0,2,0,0,0,0,0,0,0,12,18.8,11.8,0.0,3.1,1,False
66,"[{'fixture': 192, 'stats': [{'identifier': 'minutes', 'points': 0, 'value': 0}]}]",0,0,0,0,0,0,0,0,0,0,0,0,0,0.0,0.0,0.0,0.0,0,False
83,"[{'fixture': 193, 'stats': [{'identifier': 'minutes', 'points': 2, 'value': 90}, {'identifier': 'goals_conceded', 'points': -1, 'value': 2}, {'identifier': 'yellow_cards', 'points': -1, 'value': 1}]}]",90,0,0,0,2,0,0,0,1,0,0,0,6,7.8,0.0,4.0,1.2,0,False
84,"[{'fixture': 193, 'stats': [{'identifier': 'minutes', 'points': 2, 'value': 90}, {'identifier': 'goals_conceded', 'points': -1, 'value': 2}]}]",90,0,0,0,2,0,0,0,0,0,0,0,10,10.8,0.3,6.0,1.7,1,False
85,"[{'fixture': 193, 'stats': [{'identifier': 'minutes', 'points': 0, 'value': 0}]}]",0,0,0,0,0,0,0,0,0,0,0,0,0,0.0,0.0,0.0,0.0,0,False
86,"[{'fixture': 193, 'stats': [{'identifier': 'minutes', 'points': 2, 'value': 90}, {'identifier': 'goals_conceded', 'points': -1, 'value': 2}, {'identifier': 'yellow_cards', 'points': -1, 'value': 1}]}]",90,0,0,0,2,0,0,0,1,0,0,0,14,23.8,22.1,7.0,5.3,0,False
87,"[{'fixture': 193, 'stats': [{'identifier': 'minutes', 'points': 2, 'value': 90}, {'identifier': 'goals_conceded', 'points': -1, 'value': 2}, {'identifier': 'yellow_cards', 'points': -1, 'value': 1}]}]",90,0,0,0,2,0,0,0,1,0,0,0,1,4.6,0.6,2.0,0.7,0,False
88,"[{'fixture': 193, 'stats': [{'identifier': 'minutes', 'points': 0, 'value': 0}]}]",0,0,0,0,0,0,0,0,0,0,0,0,0,0.0,0.0,0.0,0.0,0,False
89,"[{'fixture': 193, 'stats': [{'identifier': 'minutes', 'points': 0, 'value': 0}]}]",0,0,0,0,0,0,0,0,0,0,0,0,0,0.0,0.0,0.0,0.0,0,False
103,"[{'fixture': 191, 'stats': [{'identifier': 'minutes', 'points': 0, 'value': 0}]}]",0,0,0,0,0,0,0,0,0,0,0,0,0,0.0,0.0,0.0,0.0,0,False
104,"[{'fixture': 191, 'stats': [{'identifier': 'minutes', 'points': 2, 'value': 90}, {'identifier': 'yellow_cards', 'points': -1, 'value': 1}]}]",90,0,0,0,1,0,0,0,1,0,0,0,12,18.0,2.1,0.0,2.0,1,False
105,"[{'fixture': 191, 'stats': [{'identifier': 'minutes', 'points': 2, 'value': 90}]}]",90,0,0,0,1,0,0,0,0,0,0,0,9,6.0,13.8,10.0,3.0,2,False
106,"[{'fixture': 191, 'stats': [{'identifier': 'minutes', 'points': 2, 'value': 90}, {'identifier': 'goals_conceded', 'points': -1, 'value': 2}, {'identifier': 'yellow_cards', 'points': -1, 'value': 1}]}]",90,0,0,0,2,0,0,0,1,0,0,0,8,24.2,0.1,11.0,3.5,0,False
107,"[{'fixture': 191, 'stats': [{'identifier': 'minutes', 'points': 1, 'value': 33}]}]",33,0,0,0,1,0,0,0,0,0,0,0,3,1.0,1.0,0.0,0.2,1,False
108,"[{'fixture': 191, 'stats': [{'identifier': 'minutes', 'points': 0, 'value': 0}]}]",0,0,0,0,0,0,0,0,0,0,0,0,0,0.0,0.0,0.0,0.0,0,False
109,"[{'fixture': 191, 'stats': [{'identifier': 'minutes', 'points': 0, 'value': 0}]}]",0,0,0,0,0,0,0,0,0,0,0,0,0,0.0,0.0,0.0,0.0,0,False
122,"[{'fixture': 193, 'stats': [{'identifier': 'minutes', 'points': 0, 'value': 0}]}]",0,0,0,0,0,0,0,0,0,0,0,0,0,0.0,0.0,0.0,0.0,0,False
123,"[{'fixture': 198, 'stats': [{'identifier': 'minutes', 'points': 0, 'value': 0}]}]",0,0,0,0,0,0,0,0,0,0,0,0,0,0.0,0.0,0.0,0.0,0,False
124,"[{'fixture': 198, 'stats': [{'identifier': 'minutes', 'points': 2, 'value': 90}, {'identifier': 'goals_scored', 'points': 6, 'value': 1}, {'identifier': 'bonus', 'points': 2, 'value': 2}]}]",90,1,0,0,1,0,0,0,0,0,0,2,28,72.2,0.0,36.0,10.8,10,True
125,"[{'fixture': 198, 'stats': [{'identifier': 'minutes', 'points': 2, 'value': 90}]}]",90,0,0,0,1,0,0,0,0,0,0,0,15,16.8,0.4,0.0,1.7,2,False
126,"[{'fixture': 198, 'stats': [{'identifier': 'minutes', 'points': 0, 'value': 0}]}]",0,0,0,0,0,0,0,0,0,0,0,0,0,0.0,0.0,0.0,0.0,0,False
127,"[{'fixture': 198, 'stats': [{'identifier': 'minutes', 'points': 0, 'value': 0}]}]",0,0,0,0,0,0,0,0,0,0,0,0,0,0.0,0.0,0.0,0.0,0,False
128,"[{'fixture': 198, 'stats': [{'identifier': 'minutes', 'points': 2, 'value': 90}]}]",90,0,0,0,1,0,0,0,0,0,0,0,8,9.4,0.8,1.0,1.1,2,False
141,"[{'fixture': 196, 'stats': [{'identifier': 'minutes', 'points': 0, 'value': 0}]}]",0,0,0,0,0,0,0,0,0,0,0,0,0,0.0,0.0,0.0,0.0,0,False
142,"[{'fixture': 196, 'stats': [{'identifier': 'minutes', 'points': 1, 'value': 10}]}]",10,0,0,0,0,0,0,0,0,0,0,0,2,3.2,0.1,7.0,1.0,1,False
143,"[{'fixture': 196, 'stats': [{'identifier': 'minutes', 'points': 2, 'value': 90}]}]",90,0,0,0,1,0,0,0,0,0,0,0,21,34.8,10.1,7.0,5.2,2,False
144,"[{'fixture': 196, 'stats': [{'identifier': 'minutes', 'points': 1, 'value': 20}]}]",20,0,0,0,0,0,0,0,0,0,0,0,2,9.2,0.0,0.0,0.9,1,False
145,"[{'fixture': 196, 'stats': [{'identifier': 'minutes', 'points': 2, 'value': 79}]}]",79,0,0,0,1,0,0,0,0,0,0,0,16,19.6,21.1,2.0,4.3,2,False
159,"[{'fixture': 200, 'stats': [{'identifier': 'minutes', 'points': 0, 'value': 0}]}]",0,0,0,0,0,0,0,0,0,0,0,0,0,0.0,0.0,0.0,0.0,0,False
160,"[{'fixture': 193, 'stats': [{'identifier': 'minutes', 'points': 2, 'value': 90}, {'identifier': 'clean_sheets', 'points': 4, 'value': 1}, {'identifier': 'bonus', 'points': 2, 'value': 2}]}]",90,0,0,1,0,0,0,0,0,0,0,2,28,21.2,11.2,2.0,3.4,8,False
161,"[{'fixture': 200, 'stats': [{'identifier': 'minutes', 'points': 0, 'value': 0}]}]",0,0,0,0,0,0,0,0,0,0,0,0,0,0.0,0.0,0.0,0.0,0,False
162,"[{'fixture': 200, 'stats': [{'identifier': 'minutes', 'points': 2, 'value': 90}]}]",90,0,0,0,1,0,0,0,0,0,0,0,15,31.8,0.5,0.0,3.2,2,False
163,"[{'fixture': 200, 'stats': [{'identifier': 'minutes', 'points': 2, 'value': 90}]}]",90,0,0,0,1,0,0,0,0,0,0,0,9,10.6,1.3,8.0,2.0,2,False
164,"[{'fixture': 200, 'stats': [{'identifier': 'minutes', 'points': 0, 'value': 0}]}]",0,0,0,0,0,0,0,0,0,0,0,0,0,0.0,0.0,0.0,0.0,0,False
165,"[{'fixture': 200, 'stats': [{'identifier': 'minutes', 'points': 2, 'value': 90}]}]",90,0,0,0,1,0,0,0,0,0,0,0,11,18.8,0.4,36.0,5.5,2,False
181,"[{'fixture': 194, 'stats': [{'identifier': 'minutes', 'points': 2, 'value': 90}, {'identifier': 'clean_sheets', 'points': 4, 'value': 1}]}]",90,0,0,1,0,0,0,0,0,0,0,0,19,11.6,16.5,2.0,3.0,6,False
182,"[{'fixture': 194, 'stats': [{'identifier': 'minutes', 'points': 2, 'value': 90}, {'identifier': 'clean_sheets', 'points': 4, 'value': 1}, {'identifier': 'bonus', 'points': 2, 'value': 2}]}]",90,0,0,1,0,0,0,0,0,0,0,2,31,27.2,37.1,12.0,7.6,8,False
183,"[{'fixture': 194, 'stats': [{'identifier': 'minutes', 'points': 2, 'value': 90}, {'identifier': 'clean_sheets', 'points': 4, 'value': 1}]}]",90,0,0,1,0,0,0,0,0,0,0,0,29,18.8,1.3,0.0,2.0,6,False
184,"[{'fixture': 194, 'stats': [{'identifier': 'minutes', 'points': 2, 'value': 90}, {'identifier': 'clean_sheets', 'points': 4, 'value': 1}, {'identifier': 'bonus', 'points': 2, 'value': 2}]}]",90,0,0,1,0,0,0,0,0,0,0,2,31,26.6,0.8,0.0,2.7,8,False
185,"[{'fixture': 194, 'stats': [{'identifier': 'minutes', 'points': 0, 'value': 0}]}]",0,0,0,0,0,0,0,0,0,0,0,0,0,0.0,0.0,0.0,0.0,0,False
186,"[{'fixture': 194, 'stats': [{'identifier': 'minutes', 'points': 0, 'value': 0}]}]",0,0,0,0,0,0,0,0,0,0,0,0,0,0.0,0.0,0.0,0.0,0,False
202,"[{'fixture': 195, 'stats': [{'identifier': 'minutes', 'points': 0, 'value': 0}]}]",0,0,0,0,0,0,0,0,0,0,0,0,0,0.0,0.0,0.0,0.0,0,False
203,"[{'fixture': 195, 'stats': [{'identifier': 'minutes', 'points': 2, 'value': 90}, {'identifier': 'clean_sheets', 'points': 4, 'value': 1}]}]",90,0,0,1,0,0,0,0,0,0,0,0,21,3.8,7.1,7.0,1.8,6,False
204,"[{'fixture': 195, 'stats': [{'identifier': 'minutes', 'points': 0, 'value': 0}]}]",0,0,0,0,0,0,0,0,0,0,0,0,0,0.0,0.0,0.0,0.0,0,False
205,"[{'fixture': 196, 'stats': [{'identifier': 'minutes', 'points': 1, 'value': 29}]}]",29,0,0,0,0,0,0,0,0,0,0,0,3,2.2,0.3,0.0,0.3,1,False
206,"[{'fixture': 195, 'stats': [{'identifier': 'minutes', 'points': 2, 'value': 90}, {'identifier': 'clean_sheets', 'points': 4, 'value': 1}, {'identifier': 'bonus', 'points': 1, 'value': 1}]}]",90,0,0,1,0,0,0,0,0,0,0,1,32,19.4,36.7,5.0,6.1,7,False
207,"[{'fixture': 195, 'stats': [{'identifier': 'minutes', 'points': 0, 'value': 0}]}]",0,0,0,0,0,0,0,0,0,0,0,0,0,0.0,0.0,0.0,0.0,0,False
208,"[{'fixture': 195, 'stats': [{'identifier': 'minutes', 'points': 0, 'value': 0}]}]",0,0,0,0,0,0,0,0,0,0,0,0,0,0.0,0.0,0.0,0.0,0,False
209,"[{'fixture': 195, 'stats': [{'identifier': 'minutes', 'points': 0, 'value': 0}]}]",0,0,0,0,0,0,0,0,0,0,0,0,0,0.0,0.0,0.0,0.0,0,False
223,"[{'fixture': 193, 'stats': [{'identifier': 'minutes', 'points': 0, 'value': 0}]}]",0,0,0,0,0,0,0,0,0,0,0,0,0,0.0,0.0,0.0,0.0,0,False
224,"[{'fixture': 193, 'stats': [{'identifier': 'minutes', 'points': 2, 'value': 90}, {'identifier': 'clean_sheets', 'points': 4, 'value': 1}]}]",90,0,0,1,0,0,0,0,0,0,0,0,22,11.6,1.3,0.0,1.3,6,False
225,"[{'fixture': 193, 'stats': [{'identifier': 'minutes', 'points': 2, 'value': 90}, {'identifier': 'clean_sheets', 'points': 4, 'value': 1}, {'identifier': 'bonus', 'points': 1, 'value': 1}]}]",90,0,0,1,0,0,0,0,0,0,0,1,27,17.4,0.5,0.0,1.8,7,False
226,"[{'fixture': 193, 'stats': [{'identifier': 'minutes', 'points': 1, 'value': 1}]}]",1,0,0,0,0,0,0,0,0,0,0,0,2,2.0,0.3,2.0,0.4,1,False
227,"[{'fixture': 193, 'stats': [{'identifier': 'minutes', 'points': 0, 'value': 0}]}]",0,0,0,0,0,0,0,0,0,0,0,0,0,0.0,0.0,0.0,0.0,0,False
228,"[{'fixture': 193, 'stats': [{'identifier': 'minutes', 'points': 0, 'value': 0}]}]",0,0,0,0,0,0,0,0,0,0,0,0,0,0.0,0.0,0.0,0.0,0,False
229,"[{'fixture': 193, 'stats': [{'identifier': 'minutes', 'points': 0, 'value': 0}]}]",0,0,0,0,0,0,0,0,0,0,0,0,0,0.0,0.0,0.0,0.0,0,False
230,"[{'fixture': 193, 'stats': [{'identifier': 'minutes', 'points': 0, 'value': 0}]}]",0,0,0,0,0,0,0,0,0,0,0,0,0,0.0,0.0,0.0,0.0,0,False
231,"[{'fixture': 193, 'stats': [{'identifier': 'minutes', 'points': 0, 'value': 0}]}]",0,0,0,0,0,0,0,0,0,0,0,0,0,0.0,0.0,0.0,0.0,0,False
251,"[{'fixture': 196, 'stats': [{'identifier': 'minutes', 'points': 0, 'value': 0}]}]",0,0,0,0,0,0,0,0,0,0,0,0,0,0.0,0.0,0.0,0.0,0,False
252,"[{'fixture': 196, 'stats': [{'identifier': 'minutes', 'points': 2, 'value': 90}, {'identifier': 'goals_scored', 'points': 6, 'value': 1}, {'identifier': 'goals_conceded', 'points': -1, 'value': 2}]}]",90,1,0,0,2,0,0,0,0,0,0,0,25,60.4,20.8,42.0,12.3,7,False
253,"[{'fixture': 196, 'stats': [{'identifier': 'minutes', 'points': 2, 'value': 90}, {'identifier': 'goals_conceded', 'points': -1, 'value': 2}]}]",90,0,0,0,2,0,0,0,0,0,0,0,9,20.2,17.3,0.0,3.8,1,False
254,"[{'fixture': 196, 'stats': [{'identifier': 'minutes', 'points': 2, 'value': 90}, {'identifier': 'goals_conceded', 'points': -1, 'value': 2}]}]",90,0,0,0,2,0,0,0,0,0,0,0,12,25.0,0.3,0.0,2.5,1,False
255,"[{'fixture': 196, 'stats': [{'identifier': 'minutes', 'points': 0, 'value': 0}]}]",0,0,0,0,0,0,0,0,0,0,0,0,0,0.0,0.0,0.0,0.0,0,False
256,"[{'fixture': 196, 'stats': [{'identifier': 'minutes', 'points': 0, 'value': 0}]}]",0,0,0,0,0,0,0,0,0,0,0,0,0,0.0,0.0,0.0,0.0,0,False
257,"[{'fixture': 196, 'stats': [{'identifier': 'minutes', 'points': 2, 'value': 73}, {'identifier': 'goals_conceded', 'points': -1, 'value': 2}]}]",73,0,0,0,2,0,0,0,0,0,0,0,7,7.8,10.1,6.0,2.4,1,False
258,"[{'fixture': 196, 'stats': [{'identifier': 'minutes', 'points': 0, 'value': 0}]}]",0,0,0,0,0,0,0,0,0,0,0,0,0,0.0,0.0,0.0,0.0,0,False
259,"[{'fixture': 196, 'stats': [{'identifier': 'minutes', 'points': 0, 'value': 0}]}]",0,0,0,0,0,0,0,0,0,0,0,0,0,0.0,0.0,0.0,0.0,0,False
272,"[{'fixture': 197, 'stats': [{'identifier': 'minutes', 'points': 0, 'value': 0}]}]",0,0,0,0,0,0,0,0,0,0,0,0,0,0.0,0.0,0.0,0.0,0,False
273,"[{'fixture': 197, 'stats': [{'identifier': 'minutes', 'points': 0, 'value': 0}]}]",0,0,0,0,0,0,0,0,0,0,0,0,0,0.0,0.0,0.0,0.0,0,False
274,"[{'fixture': 197, 'stats': [{'identifier': 'minutes', 'points': 2, 'value': 90}, {'identifier': 'goals_conceded', 'points': -1, 'value': 2}]}]",90,0,0,0,2,0,0,0,0,0,0,0,10,12.2,2.3,2.0,1.7,1,False
275,"[{'fixture': 197, 'stats': [{'identifier': 'minutes', 'points': 2, 'value': 90}, {'identifier': 'goals_conceded', 'points': -1, 'value': 2}]}]",90,0,0,0,2,0,0,0,0,0,0,0,11,28.6,0.3,0.0,2.9,1,False
276,"[{'fixture': 197, 'stats': [{'identifier': 'minutes', 'points': 2, 'value': 90}, {'identifier': 'goals_conceded', 'points': -1, 'value': 2}, {'identifier': 'yellow_cards', 'points': -1, 'value': 1}]}]",90,0,0,0,2,0,0,0,1,0,0,0,12,14.2,1.6,7.0,2.3,0,False
277,"[{'fixture': 197, 'stats': [{'identifier': 'minutes', 'points': 2, 'value': 90}, {'identifier': 'goals_conceded', 'points': -1, 'value': 2}]}]",90,0,0,0,2,0,0,0,0,0,0,0,10,23.2,0.0,4.0,2.7,1,False
291,"[{'fixture': 195, 'stats': [{'identifier': 'minutes', 'points': 2, 'value': 90}, {'identifier': 'goals_conceded', 'points': -1, 'value': 2}, {'identifier': 'yellow_cards', 'points': -1, 'value': 1}]}]",90,0,0,0,2,0,0,0,1,0,0,0,8,11.6,28.3,0.0,4.0,0,False
292,"[{'fixture': 195, 'stats': [{'identifier': 'minutes', 'points': 0, 'value': 0}]}]",0,0,0,0,0,0,0,0,0,0,0,0,0,0.0,0.0,0.0,0.0,0,False
293,"[{'fixture': 195, 'stats': [{'identifier': 'minutes', 'points': 2, 'value': 90}, {'identifier': 'goals_conceded', 'points': -1, 'value': 2}]}]",90,0,0,0,2,0,0,0,0,0,0,0,14,13.6,5.9,0.0,2.0,1,False
294,"[{'fixture': 195, 'stats': [{'identifier': 'minutes', 'points': 2, 'value': 90}, {'identifier': 'goals_conceded', 'points': -1, 'value': 2}]}]",90,0,0,0,2,0,0,0,0,0,0,0,4,5.0,2.1,2.0,0.9,1,False
295,"[{'fixture': 195, 'stats': [{'identifier': 'minutes', 'points': 2, 'value': 90}, {'identifier': 'goals_conceded', 'points': -1, 'value': 2}]}]",90,0,0,0,2,0,0,0,0,0,0,0,13,26.0,0.3,8.0,3.4,1,False
296,"[{'fixture': 195, 'stats': [{'identifier': 'minutes', 'points': 0, 'value': 0}]}]",0,0,0,0,0,0,0,0,0,0,0,0,0,0.0,0.0,0.0,0.0,0,False
297,"[{'fixture': 195, 'stats': [{'identifier': 'minutes', 'points': 0, 'value': 0}]}]",0,0,0,0,0,0,0,0,0,0,0,0,0,0.0,0.0,0.0,0.0,0,False
304,"[{'fixture': 198, 'stats': [{'identifier': 'minutes', 'points': 0, 'value': 0}]}]",0,0,0,0,0,0,0,0,0,0,0,0,0,0.0,0.0,0.0,0.0,0,False
305,"[{'fixture': 198, 'stats': [{'identifier': 'minutes', 'points': 2, 'value': 90}]}]",90,0,0,0,1,0,0,0,0,0,0,0,10,8.8,2.4,0.0,1.1,2,False
306,"[{'fixture': 198, 'stats': [{'identifier': 'minutes', 'points': 0, 'value': 0}]}]",0,0,0,0,0,0,0,0,0,0,0,0,0,0.0,0.0,0.0,0.0,0,False
307,"[{'fixture': 198, 'stats': [{'identifier': 'minutes', 'points': 2, 'value': 90}]}]",90,0,0,0,1,0,0,0,0,0,0,0,8,13.0,0.7,7.0,2.1,2,False
308,"[{'fixture': 198, 'stats': [{'identifier': 'minutes', 'points': 2, 'value': 90}]}]",90,0,0,0,1,0,0,0,0,0,0,0,16,11.2,0.8,2.0,1.4,2,False
309,"[{'fixture': 199, 'stats': [{'identifier': 'minutes', 'points': 2, 'value': 65}]}]",65,0,0,0,1,0,0,0,0,0,0,0,13,24.6,4.6,0.0,2.9,2,False
310,"[{'fixture': 198, 'stats': [{'identifier': 'minutes', 'points': 0, 'value': 0}]}]",0,0,0,0,0,0,0,0,0,0,0,0,0,0.0,0.0,0.0,0.0,0,False
311,"[{'fixture': 198, 'stats': [{'identifier': 'minutes', 'points': 0, 'value': 0}]}]",0,0,0,0,0,0,0,0,0,0,0,0,0,0.0,0.0,0.0,0.0,0,False
329,"[{'fixture': 197, 'stats': [{'identifier': 'minutes', 'points': 0, 'value': 0}]}]",0,0,0,0,0,0,0,0,0,0,0,0,0,0.0,0.0,0.0,0.0,0,False
330,"[{'fixture': 197, 'stats': [{'identifier': 'minutes', 'points': 1, 'value': 45}]}]",45,0,0,0,1,0,0,0,0,0,0,0,3,9.4,0.9,0.0,1.0,1,False
331,"[{'fixture': 197, 'stats': [{'identifier': 'minutes', 'points': 2, 'value': 90}, {'identifier': 'goals_conceded', 'points': -1, 'value': 2}, {'identifier': 'yellow_cards', 'points': -1, 'value': 1}]}]",90,0,0,0,2,0,0,0,1,0,0,0,14,13.4,14.6,2.0,3.0,0,False
332,"[{'fixture': 197, 'stats': [{'identifier': 'minutes', 'points': 0, 'value': 0}]}]",0,0,0,0,0,0,0,0,0,0,0,0,0,0.0,0.0,0.0,0.0,0,False
333,"[{'fixture': 197, 'stats': [{'identifier': 'minutes', 'points': 1, 'value': 45}]}]",45,0,0,0,1,0,0,0,0,0,0,0,3,4.6,0.6,0.0,0.5,1,False
334,"[{'fixture': 197, 'stats': [{'identifier': 'minutes', 'points': 0, 'value': 0}]}]",0,0,0,0,0,0,0,0,0,0,0,0,0,0.0,0.0,0.0,0.0,0,False
335,"[{'fixture': 197, 'stats': [{'identifier': 'minutes', 'points': 1, 'value': 45}]}]",45,0,0,0,1,0,0,0,0,0,0,0,0,2.4,0.4,0.0,0.3,1,False
336,"[{'fixture': 197, 'stats': [{'identifier': 'minutes', 'points': 2, 'value': 90}, {'identifier': 'goals_conceded', 'points': -1, 'value': 2}, {'identifier': 'own_goals', 'points': -2, 'value': 1}]}]",90,0,0,0,2,1,0,0,0,0,0,0,13,16.4,3.2,2.0,2.2,-1,False
337,"[{'fixture': 197, 'stats': [{'identifier': 'minutes', 'points': 0, 'value': 0}]}]",0,0,0,0,0,0,0,0,0,0,0,0,0,0.0,0.0,0.0,0.0,0,False
353,"[{'fixture': 199, 'stats': [{'identifier': 'minutes', 'points': 0, 'value': 0}]}]",0,0,0,0,0,0,0,0,0,0,0,0,0,0.0,0.0,0.0,0.0,0,False
354,"[{'fixture': 199, 'stats': [{'identifier': 'minutes', 'points': 2, 'value': 90}, {'identifier': 'clean_sheets', 'points': 4, 'value': 1}]}]",90,0,0,1,0,0,0,0,0,0,0,0,24,25.6,0.2,17.0,4.3,6,False
355,"[{'fixture': 199, 'stats': [{'identifier': 'minutes', 'points': 1, 'value': 5}]}]",5,0,0,0,0,0,0,0,0,0,0,0,3,2.0,0.0,0.0,0.2,1,False
356,"[{'fixture': 199, 'stats': [{'identifier': 'minutes', 'points': 1, 'value': 56}, {'identifier': 'red_cards', 'points': -3, 'value': 1}]}]",56,0,0,0,0,0,0,0,0,1,0,0,-9,0.0,2.5,4.0,0.1,-2,False
357,"[{'fixture': 199, 'stats': [{'identifier': 'minutes', 'points': 2, 'value': 90}, {'identifier': 'clean_sheets', 'points': 4, 'value': 1}]}]",90,0,0,1,0,0,0,0,0,0,0,0,24,5.2,2.0,0.0,0.7,6,False
358,"[{'fixture': 199, 'stats': [{'identifier': 'minutes', 'points': 2, 'value': 84}, {'identifier': 'clean_sheets', 'points': 4, 'value': 1}, {'identifier': 'bonus', 'points': 2, 'value': 2}]}]",84,0,0,1,0,0,0,0,0,0,0,2,29,20.6,0.4,0.0,2.1,8,True
359,"[{'fixture': 199, 'stats': [{'identifier': 'minutes', 'points': 0, 'value': 0}]}]",0,0,0,0,0,0,0,0,0,0,0,0,0,0.0,0.0,0.0,0.0,0,False
360,"[{'fixture': 199, 'stats': [{'identifier': 'minutes', 'points': 0, 'value': 0}]}]",0,0,0,0,0,0,0,0,0,0,0,0,0,0.0,0.0,0.0,0.0,0,False
361,"[{'fixture': 199, 'stats': [{'identifier': 'minutes', 'points': 0, 'value': 0}]}]",0,0,0,0,0,0,0,0,0,0,0,0,0,0.0,0.0,0.0,0.0,0,False
376,"[{'fixture': 200, 'stats': [{'identifier': 'minutes', 'points': 0, 'value': 0}]}]",0,0,0,0,0,0,0,0,0,0,0,0,0,0.0,0.0,0.0,0.0,0,False
377,"[{'fixture': 200, 'stats': [{'identifier': 'minutes', 'points': 0, 'value': 0}]}]",0,0,0,0,0,0,0,0,0,0,0,0,0,0.0,0.0,0.0,0.0,0,False
378,"[{'fixture': 200, 'stats': [{'identifier': 'minutes', 'points': 2, 'value': 90}, {'identifier': 'goals_conceded', 'points': -1, 'value': 2}, {'identifier': 'yellow_cards', 'points': -1, 'value': 1}]}]",90,0,0,0,2,0,0,0,1,0,0,0,8,29.6,12.3,9.0,5.1,0,False
379,"[{'fixture': 200, 'stats': [{'identifier': 'minutes', 'points': 0, 'value': 0}]}]",0,0,0,0,0,0,0,0,0,0,0,0,0,0.0,0.0,0.0,0.0,0,False
380,"[{'fixture': 200, 'stats': [{'identifier': 'minutes', 'points': 2, 'value': 90}, {'identifier': 'goals_conceded', 'points': -1, 'value': 2}]}]",90,0,0,0,2,0,0,0,0,0,0,0,9,10.4,16.3,0.0,2.7,1,False
381,"[{'fixture': 200, 'stats': [{'identifier': 'minutes', 'points': 2, 'value': 90}, {'identifier': 'goals_conceded', 'points': -1, 'value': 2}, {'identifier': 'yellow_cards', 'points': -1, 'value': 1}]}]",90,0,0,0,2,0,0,0,1,0,0,0,10,26.2,0.2,0.0,2.6,0,False
382,"[{'fixture': 200, 'stats': [{'identifier': 'minutes', 'points': 2, 'value': 90}, {'identifier': 'goals_conceded', 'points': -1, 'value': 2}]}]",90,0,0,0,2,0,0,0,0,0,0,0,10,21.2,0.5,39.0,6.1,1,False
383,"[{'fixture': 200, 'stats': [{'identifier': 'minutes', 'points': 0, 'value': 0}]}]",0,0,0,0,0,0,0,0,0,0,0,0,0,0.0,0.0,0.0,0.0,0,False
384,"[{'fixture': 200, 'stats': [{'identifier': 'minutes', 'points': 0, 'value': 0}]}]",0,0,0,0,0,0,0,0,0,0,0,0,0,0.0,0.0,0.0,0.0,0,False
401,"[{'fixture': 194, 'stats': [{'identifier': 'minutes', 'points': 0, 'value': 0}]}]",0,0,0,0,0,0,0,0,0,0,0,0,0,0.0,0.0,0.0,0.0,0,False
402,"[{'fixture': 194, 'stats': [{'identifier': 'minutes', 'points': 2, 'value': 90}]}]",90,0,0,0,1,0,0,0,0,0,0,0,13,14.8,11.9,2.0,2.9,2,False
403,"[{'fixture': 194, 'stats': [{'identifier': 'minutes', 'points': 2, 'value': 90}]}]",90,0,0,0,1,0,0,0,0,0,0,0,13,18.0,10.1,0.0,2.8,2,False
404,"[{'fixture': 194, 'stats': [{'identifier': 'minutes', 'points': 2, 'value': 90}]}]",90,0,0,0,1,0,0,0,0,0,0,0,9,10.8,0.3,2.0,1.3,2,False
405,"[{'fixture': 194, 'stats': [{'identifier': 'minutes', 'points': 0, 'value': 0}]}]",0,0,0,0,0,0,0,0,0,0,0,0,0,0.0,0.0,0.0,0.0,0,False
406,"[{'fixture': 194, 'stats': [{'identifier': 'minutes', 'points': 2, 'value': 90}]}]",90,0,0,0,1,0,0,0,0,0,0,0,12,19.2,10.8,4.0,3.4,2,False
407,"[{'fixture': 194, 'stats': [{'identifier': 'minutes', 'points': 1, 'value': 32}]}]",32,0,0,0,0,0,0,0,0,0,0,0,3,2.4,11.2,5.0,1.9,1,False
408,"[{'fixture': 194, 'stats': [{'identifier': 'minutes', 'points': 2, 'value': 90}]}]",90,0,0,0,1,0,0,0,0,0,0,0,12,24.4,0.1,0.0,2.5,2,False
423,"[{'fixture': 195, 'stats': [{'identifier': 'minutes', 'points': 2, 'value': 90}, {'identifier': 'goals_conceded', 'points': -1, 'value': 2}]}]",90,0,0,0,2,0,0,0,0,0,0,0,15,22.4,1.5,2.0,2.6,1,False
433,"[{'fixture': 200, 'stats': [{'identifier': 'minutes', 'points': 2, 'value': 90}]}]",90,0,0,0,1,0,0,0,0,0,0,0,10,20.6,7.3,6.0,3.4,2,False
439,"[{'fixture': 199, 'stats': [{'identifier': 'minutes', 'points': 1, 'value': 30}]}]",30,0,0,0,0,0,0,0,0,0,0,0,3,5.0,0.0,0.0,0.5,1,False
440,"[{'fixture': 195, 'stats': [{'identifier': 'minutes', 'points': 0, 'value': 0}]}]",0,0,0,0,0,0,0,0,0,0,0,0,0,0.0,0.0,0.0,0.0,0,False
444,"[{'fixture': 195, 'stats': [{'identifier': 'minutes', 'points': 0, 'value': 0}]}]",0,0,0,0,0,0,0,0,0,0,0,0,0,0.0,0.0,0.0,0.0,0,False
445,"[{'fixture': 199, 'stats': [{'identifier': 'minutes', 'points': 0, 'value': 0}]}]",0,0,0,0,0,0,0,0,0,0,0,0,0,0.0,0.0,0.0,0.0,0,False
446,"[{'fixture': 192, 'stats': [{'identifier': 'minutes', 'points': 2, 'value': 90}, {'identifier': 'goals_conceded', 'points': -1, 'value': 2}]}]",90,0,0,0,2,0,0,0,0,0,0,0,12,13.8,1.9,2.0,1.8,1,False
447,"[{'fixture': 193, 'stats': [{'identifier': 'minutes', 'points': 0, 'value': 0}]}]",0,0,0,0,0,0,0,0,0,0,0,0,0,0.0,0.0,0.0,0.0,0,False
452,"[{'fixture': 199, 'stats': [{'identifier': 'minutes', 'points': 2, 'value': 90}, {'identifier': 'goals_conceded', 'points': -1, 'value': 3}]}]",90,0,0,0,3,0,0,0,0,0,0,0,10,12.2,0.7,20.0,3.3,1,False
454,"[{'fixture': 197, 'stats': [{'identifier': 'minutes', 'points': 0, 'value': 0}]}]",0,0,0,0,0,0,0,0,0,0,0,0,0,0.0,0.0,0.0,0.0,0,False
455,"[{'fixture': 199, 'stats': [{'identifier': 'minutes', 'points': 0, 'value': 0}]}]",0,0,0,0,0,0,0,0,0,0,0,0,0,0.0,0.0,0.0,0.0,0,False
458,"[{'fixture': 199, 'stats': [{'identifier': 'minutes', 'points': 1, 'value': 24}, {'identifier': 'goals_conceded', 'points': -1, 'value': 2}]}]",24,0,0,0,2,0,0,0,0,0,0,0,3,8.6,11.2,0.0,2.0,0,False
459,"[{'fixture': 191, 'stats': [{'identifier': 'minutes', 'points': 2, 'value': 90}]}]",90,0,0,0,1,0,0,0,0,0,0,0,12,13.8,1.5,2.0,1.7,2,False
467,"[{'fixture': 191, 'stats': [{'identifier': 'minutes', 'points': 1, 'value': 22}, {'identifier': 'assists', 'points': 3, 'value': 1}]}]",22,0,1,0,0,0,0,0,0,0,0,0,15,20.6,10.1,4.0,3.5,4,False
473,"[{'fixture': 194, 'stats': [{'identifier': 'minutes', 'points': 0, 'value': 0}]}]",0,0,0,0,0,0,0,0,0,0,0,0,0,0.0,0.0,0.0,0.0,0,False
475,"[{'fixture': 192, 'stats': [{'identifier': 'minutes', 'points': 2, 'value': 90}, {'identifier': 'clean_sheets', 'points': 4, 'value': 1}]}]",90,0,0,1,0,0,0,0,0,0,0,0,21,15.6,1.3,0.0,1.7,6,False
477,"[{'fixture': 196, 'stats': [{'identifier': 'minutes', 'points': 0, 'value': 0}]}]",0,0,0,0,0,0,0,0,0,0,0,0,0,0.0,0.0,0.0,0.0,0,False
478,"[{'fixture': 196, 'stats': [{'identifier': 'minutes', 'points': 2, 'value': 90}]}]",90,0,0,0,1,0,0,0,0,0,0,0,10,20.0,0.5,19.0,4.0,2,False
481,"[{'fixture': 193, 'stats': [{'identifier': 'minutes', 'points': 0, 'value': 0}]}]",0,0,0,0,0,0,0,0,0,0,0,0,0,0.0,0.0,0.0,0.0,0,False
484,"[{'fixture': 197, 'stats': [{'identifier': 'minutes', 'points': 0, 'value': 0}]}]",0,0,0,0,0,0,0,0,0,0,0,0,0,0.0,0.0,0.0,0.0,0,False
485,"[{'fixture': 198, 'stats': [{'identifier': 'minutes', 'points': 0, 'value': 0}]}]",0,0,0,0,0,0,0,0,0,0,0,0,0,0.0,0.0,0.0,0.0,0,False
486,"[{'fixture': 198, 'stats': [{'identifier': 'minutes', 'points': 2, 'value': 90}]}]",90,0,0,0,1,0,0,0,0,0,0,0,12,17.8,2.7,21.0,4.2,2,False
493,"[{'fixture': 192, 'stats': [{'identifier': 'minutes', 'points': 0, 'value': 0}]}]",0,0,0,0,0,0,0,0,0,0,0,0,0,0.0,0.0,0.0,0.0,0,False
498,"[{'fixture': 196, 'stats': [{'identifier': 'minutes', 'points': 2, 'value': 84}, {'identifier': 'goals_conceded', 'points': -1, 'value': 2}]}]",84,0,0,0,2,0,0,0,0,0,0,0,15,17.0,39.3,29.0,8.5,1,False
503,"[{'fixture': 198, 'stats': [{'identifier': 'minutes', 'points': 0, 'value': 0}]}]",0,0,0,0,0,0,0,0,0,0,0,0,0,0.0,0.0,0.0,0.0,0,False
506,"[{'fixture': 191, 'stats': [{'identifier': 'minutes', 'points': 0, 'value': 0}]}]",0,0,0,0,0,0,0,0,0,0,0,0,0,0.0,0.0,0.0,0.0,0,False
511,"[{'fixture': 196, 'stats': [{'identifier': 'minutes', 'points': 2, 'value': 90}]}]",90,0,0,0,1,0,0,0,0,0,0,0,23,29.2,31.2,9.0,6.9,2,False
515,"[{'fixture': 191, 'stats': [{'identifier': 'minutes', 'points': 0, 'value': 0}]}]",0,0,0,0,0,0,0,0,0,0,0,0,0,0.0,0.0,0.0,0.0,0,False
518,"[{'fixture': 195, 'stats': [{'identifier': 'minutes', 'points': 0, 'value': 0}]}]",0,0,0,0,0,0,0,0,0,0,0,0,0,0.0,0.0,0.0,0.0,0,False
519,"[{'fixture': 196, 'stats': [{'identifier': 'minutes', 'points': 0, 'value': 0}]}]",0,0,0,0,0,0,0,0,0,0,0,0,0,0.0,0.0,0.0,0.0,0,False
529,"[{'fixture': 191, 'stats': [{'identifier': 'minutes', 'points': 1, 'value': 58}]}]",58,0,0,0,1,0,0,0,0,0,0,0,6,2.2,1.2,4.0,0.7,1,False
532,"[{'fixture': 198, 'stats': [{'identifier': 'minutes', 'points': 0, 'value': 0}]}]",0,0,0,0,0,0,0,0,0,0,0,0,0,0.0,0.0,0.0,0.0,0,False
536,"[{'fixture': 192, 'stats': [{'identifier': 'minutes', 'points': 0, 'value': 0}]}]",0,0,0,0,0,0,0,0,0,0,0,0,0,0.0,0.0,0.0,0.0,0,False
542,"[{'fixture': 199, 'stats': [{'identifier': 'minutes', 'points': 0, 'value': 0}]}]",0,0,0,0,0,0,0,0,0,0,0,0,0,0.0,0.0,0.0,0.0,0,False
544,"[{'fixture': 195, 'stats': [{'identifier': 'minutes', 'points': 2, 'value': 90}, {'identifier': 'clean_sheets', 'points': 4, 'value': 1}]}]",90,0,0,1,0,0,0,0,0,0,0,0,27,16.6,2.8,0.0,1.9,6,False
545,"[{'fixture': 191, 'stats': [{'identifier': 'minutes', 'points': 0, 'value': 0}]}]",0,0,0,0,0,0,0,0,0,0,0,0,0,0.0,0.0,0.0,0.0,0,False
546,"[{'fixture': 192, 'stats': [{'identifier': 'minutes', 'points': 0, 'value': 0}]}]",0,0,0,0,0,0,0,0,0,0,0,0,0,0.0,0.0,0.0,0.0,0,False
549,"[{'fixture': 193, 'stats': [{'identifier': 'minutes', 'points': 2, 'value': 90}, {'identifier': 'clean_sheets', 'points': 4, 'value': 1}, {'identifier': 'yellow_cards', 'points': -1, 'value': 1}]}]",90,0,0,1,0,0,0,0,1,0,0,0,23,12.2,27.8,4.0,4.4,5,False
552,"[{'fixture': 197, 'stats': [{'identifier': 'minutes', 'points': 0, 'value': 0}]}]",0,0,0,0,0,0,0,0,0,0,0,0,0,0.0,0.0,0.0,0.0,0,False
572,"[{'fixture': 193, 'stats': [{'identifier': 'minutes', 'points': 0, 'value': 0}]}]",0,0,0,0,0,0,0,0,0,0,0,0,0,0.0,0.0,0.0,0.0,0,False
575,"[{'fixture': 194, 'stats': [{'identifier': 'minutes', 'points': 0, 'value': 0}]}]",0,0,0,0,0,0,0,0,0,0,0,0,0,0.0,0.0,0.0,0.0,0,False
577,"[{'fixture': 196, 'stats': [{'identifier': 'minutes', 'points': 0, 'value': 0}]}]",0,0,0,0,0,0,0,0,0,0,0,0,0,0.0,0.0,0.0,0.0,0,False
578,"[{'fixture': 198, 'stats': [{'identifier': 'minutes', 'points': 0, 'value': 0}]}]",0,0,0,0,0,0,0,0,0,0,0,0,0,0.0,0.0,0.0,0.0,0,False
579,"[{'fixture': 198, 'stats': [{'identifier': 'minutes', 'points': 0, 'value': 0}]}]",0,0,0,0,0,0,0,0,0,0,0,0,0,0.0,0.0,0.0,0.0,0,False
583,"[{'fixture': 197, 'stats': [{'identifier': 'minutes', 'points': 0, 'value': 0}]}]",0,0,0,0,0,0,0,0,0,0,0,0,0,0.0,0.0,0.0,0.0,0,False
586,"[{'fixture': 191, 'stats': [{'identifier': 'minutes', 'points': 1, 'value': 31}]}]",31,0,0,0,0,0,0,0,0,0,0,0,8,0.0,0.0,0.0,0.0,1,False
587,"[{'fixture': 194, 'stats': [{'identifier': 'minutes', 'points': 0, 'value': 0}]}]",0,0,0,0,0,0,0,0,0,0,0,0,0,0.0,0.0,0.0,0.0,0,False
15,"[{'fixture': 191, 'stats': [{'identifier': 'minutes', 'points': 2, 'value': 75}, {'identifier': 'clean_sheets', 'points': 1, 'value': 1}]}]",75,0,0,1,0,0,0,0,0,0,0,0,10,5.8,36.7,0.0,4.3,3,False
16,"[{'fixture': 191, 'stats': [{'identifier': 'minutes', 'points': 0, 'value': 0}]}]",0,0,0,0,0,0,0,0,0,0,0,0,0,0.0,0.0,0.0,0.0,0,False
17,"[{'fixture': 196, 'stats': [{'identifier': 'minutes', 'points': 0, 'value': 0}]}]",0,0,0,0,0,0,0,0,0,0,0,0,0,0.0,0.0,0.0,0.0,0,False
18,"[{'fixture': 191, 'stats': [{'identifier': 'minutes', 'points': 0, 'value': 0}]}]",0,0,0,0,0,0,0,0,0,0,0,0,0,0.0,0.0,0.0,0.0,0,False
19,"[{'fixture': 191, 'stats': [{'identifier': 'minutes', 'points': 2, 'value': 90}, {'identifier': 'yellow_cards', 'points': -1, 'value': 1}]}]",90,0,0,0,2,0,0,0,1,0,0,0,9,4.4,3.0,4.0,1.1,1,False
20,"[{'fixture': 191, 'stats': [{'identifier': 'minutes', 'points': 0, 'value': 0}]}]",0,0,0,0,0,0,0,0,0,0,0,0,0,0.0,0.0,0.0,0.0,0,False
21,"[{'fixture': 191, 'stats': [{'identifier': 'minutes', 'points': 2, 'value': 90}, {'identifier': 'yellow_cards', 'points': -1, 'value': 1}]}]",90,0,0,0,2,0,0,0,1,0,0,0,11,13.8,2.2,0.0,1.6,1,False
28,"[{'fixture': 199, 'stats': [{'identifier': 'minutes', 'points': 2, 'value': 90}]}]",90,0,0,0,3,0,0,0,0,0,0,0,20,30.6,47.5,7.0,8.5,2,False
29,"[{'fixture': 199, 'stats': [{'identifier': 'minutes', 'points': 2, 'value': 90}, {'identifier': 'yellow_cards', 'points': -1, 'value': 1}]}]",90,0,0,0,3,0,0,0,1,0,0,0,5,7.2,35.8,22.0,6.5,1,False
30,"[{'fixture': 199, 'stats': [{'identifier': 'minutes', 'points': 1, 'value': 45}]}]",45,0,0,0,2,0,0,0,0,0,0,0,1,1.4,5.1,28.0,3.5,1,False
31,"[{'fixture': 199, 'stats': [{'identifier': 'minutes', 'points': 0, 'value': 0}]}]",0,0,0,0,0,0,0,0,0,0,0,0,0,0.0,0.0,0.0,0.0,0,False
32,"[{'fixture': 199, 'stats': [{'identifier': 'minutes', 'points': 0, 'value': 0}]}]",0,0,0,0,0,0,0,0,0,0,0,0,0,0.0,0.0,0.0,0.0,0,False
33,"[{'fixture': 199, 'stats': [{'identifier': 'minutes', 'points': 0, 'value': 0}]}]",0,0,0,0,0,0,0,0,0,0,0,0,0,0.0,0.0,0.0,0.0,0,False
34,"[{'fixture': 199, 'stats': [{'identifier': 'minutes', 'points': 0, 'value': 0}]}]",0,0,0,0,0,0,0,0,0,0,0,0,0,0.0,0.0,0.0,0.0,0,False
35,"[{'fixture': 199, 'stats': [{'identifier': 'minutes', 'points': 2, 'value': 72}]}]",72,0,0,0,3,0,0,0,0,0,0,0,7,3.2,2.8,8.0,1.4,2,False
36,"[{'fixture': 199, 'stats': [{'identifier': 'minutes', 'points': 1, 'value': 45}]}]",45,0,0,0,1,0,0,0,0,0,0,0,4,0.6,1.3,12.0,1.4,1,False
49,"[{'fixture': 192, 'stats': [{'identifier': 'minutes', 'points': 0, 'value': 0}]}]",0,0,0,0,0,0,0,0,0,0,0,0,0,0.0,0.0,0.0,0.0,0,False
50,"[{'fixture': 192, 'stats': [{'identifier': 'minutes', 'points': 2, 'value': 83}, {'identifier': 'goals_scored', 'points': 5, 'value': 1}, {'identifier': 'clean_sheets', 'points': 1, 'value': 1}]}]",83,1,0,1,0,0,0,0,0,0,0,0,24,37.6,5.2,44.0,8.7,8,False
51,"[{'fixture': 192, 'stats': [{'identifier': 'minutes', 'points': 0, 'value': 0}]}]",0,0,0,0,0,0,0,0,0,0,0,0,0,0.0,0.0,0.0,0.0,0,False
52,"[{'fixture': 192, 'stats': [{'identifier': 'minutes', 'points': 0, 'value': 0}]}]",0,0,0,0,0,0,0,0,0,0,0,0,0,0.0,0.0,0.0,0.0,0,False
53,"[{'fixture': 192, 'stats': [{'identifier': 'minutes', 'points': 2, 'value': 88}, {'identifier': 'clean_sheets', 'points': 1, 'value': 1}]}]",88,0,0,1,0,0,0,0,0,0,0,0,24,30.8,19.3,19.0,6.9,3,False
54,"[{'fixture': 192, 'stats': [{'identifier': 'minutes', 'points': 2, 'value': 90}, {'identifier': 'clean_sheets', 'points': 1, 'value': 1}]}]",90,0,0,1,0,0,0,0,0,0,0,0,17,12.6,12.7,0.0,2.5,3,False
55,"[{'fixture': 192, 'stats': [{'identifier': 'minutes', 'points': 0, 'value': 0}]}]",0,0,0,0,0,0,0,0,0,0,0,0,0,0.0,0.0,0.0,0.0,0,False
56,"[{'fixture': 192, 'stats': [{'identifier': 'minutes', 'points': 0, 'value': 0}]}]",0,0,0,0,0,0,0,0,0,0,0,0,0,0.0,0.0,0.0,0.0,0,False
57,"[{'fixture': 192, 'stats': [{'identifier': 'minutes', 'points': 1, 'value': 6}]}]",6,0,0,0,0,0,0,0,0,0,0,0,6,5.2,0.7,0.0,0.6,1,False
75,"[{'fixture': 192, 'stats': [{'identifier': 'minutes', 'points': 1, 'value': 28}]}]",28,0,0,0,1,0,0,0,0,0,0,0,4,3.4,10.8,0.0,1.4,1,False
76,"[{'fixture': 192, 'stats': [{'identifier': 'minutes', 'points': 0, 'value': 0}]}]",0,0,0,0,0,0,0,0,0,0,0,0,0,0.0,0.0,0.0,0.0,0,False
77,"[{'fixture': 192, 'stats': [{'identifier': 'minutes', 'points': 2, 'value': 61}]}]",61,0,0,0,1,0,0,0,0,0,0,0,11,11.6,28.1,19.0,5.9,2,False
78,"[{'fixture': 192, 'stats': [{'identifier': 'minutes', 'points': 0, 'value': 0}]}]",0,0,0,0,0,0,0,0,0,0,0,0,0,0.0,0.0,0.0,0.0,0,False
79,"[{'fixture': 192, 'stats': [{'identifier': 'minutes', 'points': 1, 'value': 17}]}]",17,0,0,0,1,0,0,0,0,0,0,0,1,5.4,0.7,1.0,0.7,1,False
80,"[{'fixture': 192, 'stats': [{'identifier': 'minutes', 'points': 0, 'value': 0}]}]",0,0,0,0,0,0,0,0,0,0,0,0,0,0.0,0.0,0.0,0.0,0,False
81,"[{'fixture': 192, 'stats': [{'identifier': 'minutes', 'points': 2, 'value': 90}]}]",90,0,0,0,2,0,0,0,0,0,0,0,9,12.2,4.8,0.0,1.7,2,False
82,"[{'fixture': 192, 'stats': [{'identifier': 'minutes', 'points': 0, 'value': 0}]}]",0,0,0,0,0,0,0,0,0,0,0,0,0,0.0,0.0,0.0,0.0,0,False
96,"[{'fixture': 193, 'stats': [{'identifier': 'minutes', 'points': 1, 'value': 22}]}]",22,0,0,0,1,0,0,0,0,0,0,0,4,4.2,14.8,3.0,2.2,1,False
97,"[{'fixture': 193, 'stats': [{'identifier': 'minutes', 'points': 2, 'value': 90}, {'identifier': 'yellow_cards', 'points': -1, 'value': 1}]}]",90,0,0,0,2,0,0,0,1,0,0,0,4,7.4,11.6,6.0,2.5,1,False
98,"[{'fixture': 193, 'stats': [{'identifier': 'minutes', 'points': 1, 'value': 3}]}]",3,0,0,0,1,0,0,0,0,0,0,0,3,1.2,0.3,36.0,3.8,1,False
99,"[{'fixture': 193, 'stats': [{'identifier': 'minutes', 'points': 0, 'value': 0}]}]",0,0,0,0,0,0,0,0,0,0,0,0,0,0.0,0.0,0.0,0.0,0,False
100,"[{'fixture': 193, 'stats': [{'identifier': 'minutes', 'points': 1, 'value': 58}]}]",58,0,0,0,1,0,0,0,0,0,0,0,1,0.0,0.8,2.0,0.0,1,False
101,"[{'fixture': 193, 'stats': [{'identifier': 'minutes', 'points': 2, 'value': 90}]}]",90,0,0,0,2,0,0,0,0,0,0,0,14,12.4,37.3,2.0,5.2,2,False
102,"[{'fixture': 193, 'stats': [{'identifier': 'minutes', 'points': 2, 'value': 86}]}]",86,0,0,0,1,0,0,0,0,0,0,0,9,10.0,1.3,0.0,1.1,2,False
113,"[{'fixture': 191, 'stats': [{'identifier': 'minutes', 'points': 2, 'value': 90}, {'identifier': 'assists', 'points': 3, 'value': 1}, {'identifier': 'bonus', 'points': 2, 'value': 2}]}]",90,0,1,0,1,0,0,0,0,0,0,2,31,39.4,91.8,10.0,14.1,7,False
114,"[{'fixture': 191, 'stats': [{'identifier': 'minutes', 'points': 0, 'value': 0}]}]",0,0,0,0,0,0,0,0,0,0,0,0,0,0.0,0.0,0.0,0.0,0,False
115,"[{'fixture': 191, 'stats': [{'identifier': 'minutes', 'points': 0, 'value': 0}]}]",0,0,0,0,0,0,0,0,0,0,0,0,0,0.0,0.0,0.0,0.0,0,False
116,"[{'fixture': 191, 'stats': [{'identifier': 'minutes', 'points': 1, 'value': 20}]}]",20,0,0,0,0,0,0,0,0,0,0,0,2,1.6,3.8,8.0,1.3,1,False
117,"[{'fixture': 191, 'stats': [{'identifier': 'minutes', 'points': 0, 'value': 0}]}]",0,0,0,0,0,0,0,0,0,0,0,0,0,0.0,0.0,0.0,0.0,0,False
118,"[{'fixture': 191, 'stats': [{'identifier': 'minutes', 'points': 1, 'value': 56}, {'identifier': 'goals_scored', 'points': 5, 'value': 1}, {'identifier': 'yellow_cards', 'points': -1, 'value': 1}]}]",56,1,0,0,0,0,0,0,1,0,0,0,24,42.6,3.7,33.0,7.9,5,False
119,"[{'fixture': 191, 'stats': [{'identifier': 'minutes', 'points': 2, 'value': 90}, {'identifier': 'yellow_cards', 'points': -1, 'value': 1}]}]",90,0,0,0,1,0,0,0,1,0,0,0,6,14.8,3.8,3.0,2.2,1,False
120,"[{'fixture': 193, 'stats': [{'identifier': 'minutes', 'points': 0, 'value': 0}]}]",0,0,0,0,0,0,0,0,0,0,0,0,0,0.0,0.0,0.0,0.0,0,False
121,"[{'fixture': 191, 'stats': [{'identifier': 'minutes', 'points': 0, 'value': 0}]}]",0,0,0,0,0,0,0,0,0,0,0,0,0,0.0,0.0,0.0,0.0,0,False
133,"[{'fixture': 198, 'stats': [{'identifier': 'minutes', 'points': 2, 'value': 90}]}]",90,0,0,0,1,0,0,0,0,0,0,0,2,14.0,12.1,12.0,3.8,2,False
134,"[{'fixture': 198, 'stats': [{'identifier': 'minutes', 'points': 2, 'value': 90}, {'identifier': 'assists', 'points': 3, 'value': 1}, {'identifier': 'yellow_cards', 'points': -1, 'value': 1}, {'identifier': 'bonus', 'points': 1, 'value': 1}]}]",90,0,1,0,1,0,0,0,1,0,0,1,25,29.6,35.3,1.0,6.6,5,False
135,"[{'fixture': 198, 'stats': [{'identifier': 'minutes', 'points': 0, 'value': 0}]}]",0,0,0,0,0,0,0,0,0,0,0,0,0,0.0,0.0,0.0,0.0,0,False
136,"[{'fixture': 198, 'stats': [{'identifier': 'minutes', 'points': 2, 'value': 83}]}]",83,0,0,0,1,0,0,0,0,0,0,0,6,2.4,1.6,0.0,0.4,2,False
137,"[{'fixture': 198, 'stats': [{'identifier': 'minutes', 'points': 0, 'value': 0}]}]",0,0,0,0,0,0,0,0,0,0,0,0,0,0.0,0.0,0.0,0.0,0,False
138,"[{'fixture': 198, 'stats': [{'identifier': 'minutes', 'points': 2, 'value': 90}, {'identifier': 'yellow_cards', 'points': -1, 'value': 1}]}]",90,0,0,0,1,0,0,0,1,0,0,0,6,18.2,1.4,2.0,2.2,1,False
139,"[{'fixture': 198, 'stats': [{'identifier': 'minutes', 'points': 1, 'value': 6}]}]",6,0,0,0,0,0,0,0,0,0,0,0,3,0.2,0.3,0.0,0.1,1,False
140,"[{'fixture': 198, 'stats': [{'identifier': 'minutes', 'points': 0, 'value': 0}]}]",0,0,0,0,0,0,0,0,0,0,0,0,0,0.0,0.0,0.0,0.0,0,False
150,"[{'fixture': 196, 'stats': [{'identifier': 'minutes', 'points': 2, 'value': 90}, {'identifier': 'assists', 'points': 3, 'value': 1}, {'identifier': 'bonus', 'points': 1, 'value': 1}]}]",90,0,1,0,1,0,0,0,0,0,0,1,26,46.0,35.5,44.0,12.6,6,False
151,"[{'fixture': 196, 'stats': [{'identifier': 'minutes', 'points': 2, 'value': 90}, {'identifier': 'assists', 'points': 3, 'value': 1}, {'identifier': 'bonus', 'points': 2, 'value': 2}]}]",90,0,1,0,1,0,0,0,0,0,0,2,28,17.8,33.9,16.0,6.8,7,False
152,"[{'fixture': 196, 'stats': [{'identifier': 'minutes', 'points': 0, 'value': 0}]}]",0,0,0,0,0,0,0,0,0,0,0,0,0,0.0,0.0,0.0,0.0,0,False
153,"[{'fixture': 196, 'stats': [{'identifier': 'minutes', 'points': 2, 'value': 69}]}]",69,0,0,0,1,0,0,0,0,0,0,0,9,2.6,11.0,12.0,2.6,2,False
154,"[{'fixture': 196, 'stats': [{'identifier': 'minutes', 'points': 2, 'value': 90}, {'identifier': 'yellow_cards', 'points': -1, 'value': 1}]}]",90,0,0,0,1,0,0,0,1,0,0,0,6,6.4,12.9,4.0,2.3,1,False
155,"[{'fixture': 196, 'stats': [{'identifier': 'minutes', 'points': 0, 'value': 0}]}]",0,0,0,0,0,0,0,0,0,0,0,0,0,0.0,0.0,0.0,0.0,0,False
156,"[{'fixture': 196, 'stats': [{'identifier': 'minutes', 'points': 0, 'value': 0}]}]",0,0,0,0,0,0,0,0,0,0,0,0,0,0.0,0.0,0.0,0.0,0,False
157,"[{'fixture': 198, 'stats': [{'identifier': 'minutes', 'points': 2, 'value': 90}]}]",90,0,0,0,1,0,0,0,0,0,0,0,15,13.0,3.7,0.0,1.7,2,False
158,"[{'fixture': 196, 'stats': [{'identifier': 'minutes', 'points': 0, 'value': 0}]}]",0,0,0,0,0,0,0,0,0,0,0,0,0,0.0,0.0,0.0,0.0,0,False
171,"[{'fixture': 200, 'stats': [{'identifier': 'minutes', 'points': 1, 'value': 26}]}]",26,0,0,0,0,0,0,0,0,0,0,0,10,13.4,24.8,7.0,4.5,1,False
172,"[{'fixture': 200, 'stats': [{'identifier': 'minutes', 'points': 1, 'value': 7}]}]",7,0,0,0,0,0,0,0,0,0,0,0,2,3.0,11.3,26.0,4.0,1,False
173,"[{'fixture': 200, 'stats': [{'identifier': 'minutes', 'points': 0, 'value': 0}]}]",0,0,0,0,0,0,0,0,0,0,0,0,0,0.0,0.0,0.0,0.0,0,False
174,"[{'fixture': 200, 'stats': [{'identifier': 'minutes', 'points': 2, 'value': 90}]}]",90,0,0,0,1,0,0,0,0,0,0,0,10,13.4,13.6,17.0,4.4,2,False
175,"[{'fixture': 200, 'stats': [{'identifier': 'minutes', 'points': 2, 'value': 82}, {'identifier': 'goals_scored', 'points': 5, 'value': 1}, {'identifier': 'penalties_missed', 'points': -2, 'value': 1}]}]",82,1,0,0,1,0,0,1,0,0,0,0,25,43.0,22.0,38.0,10.3,5,False
176,"[{'fixture': 200, 'stats': [{'identifier': 'minutes', 'points': 1, 'value': 20}]}]",20,0,0,0,0,0,0,0,0,0,0,0,4,10.6,0.5,0.0,1.1,1,False
177,"[{'fixture': 200, 'stats': [{'identifier': 'minutes', 'points': 0, 'value': 0}]}]",0,0,0,0,0,0,0,0,0,0,0,0,0,0.0,0.0,0.0,0.0,0,False
178,"[{'fixture': 200, 'stats': [{'identifier': 'minutes', 'points': 0, 'value': 0}]}]",0,0,0,0,0,0,0,0,0,0,0,0,0,0.0,0.0,0.0,0.0,0,False
179,"[{'fixture': 200, 'stats': [{'identifier': 'minutes', 'points': 2, 'value': 69}]}]",69,0,0,0,1,0,0,0,0,0,0,0,18,10.0,15.3,0.0,2.5,2,False
180,"[{'fixture': 200, 'stats': [{'identifier': 'minutes', 'points': 2, 'value': 90}, {'identifier': 'yellow_cards', 'points': -1, 'value': 1}]}]",90,0,0,0,1,0,0,0,1,0,0,0,11,6.6,3.2,18.0,2.8,1,False
191,"[{'fixture': 194, 'stats': [{'identifier': 'minutes', 'points': 2, 'value': 90}, {'identifier': 'clean_sheets', 'points': 1, 'value': 1}]}]",90,0,0,1,0,0,0,0,0,0,0,0,0,12.6,38.5,31.0,8.2,3,False
192,"[{'fixture': 194, 'stats': [{'identifier': 'minutes', 'points': 2, 'value': 90}, {'identifier': 'goals_scored', 'points': 5, 'value': 1}, {'identifier': 'clean_sheets', 'points': 1, 'value': 1}, {'identifier': 'bonus', 'points': 3, 'value': 3}]}]",90,1,0,1,0,0,0,0,0,0,0,3,35,40.0,15.5,41.0,9.7,11,True
193,"[{'fixture': 194, 'stats': [{'identifier': 'minutes', 'points': 0, 'value': 0}]}]",0,0,0,0,0,0,0,0,0,0,0,0,0,0.0,0.0,0.0,0.0,0,False
194,"[{'fixture': 194, 'stats': [{'identifier': 'minutes', 'points': 0, 'value': 0}]}]",0,0,0,0,0,0,0,0,0,0,0,0,0,0.0,0.0,0.0,0.0,0,False
195,"[{'fixture': 194, 'stats': [{'identifier': 'minutes', 'points': 2, 'value': 66}, {'identifier': 'assists', 'points': 3, 'value': 1}, {'identifier': 'clean_sheets', 'points': 1, 'value': 1}, {'identifier': 'yellow_cards', 'points': -1, 'value': 1}]}]",66,0,1,1,0,0,0,0,1,0,0,0,12,24.8,13.3,6.0,4.4,5,False
196,"[{'fixture': 194, 'stats': [{'identifier': 'minutes', 'points': 1, 'value': 23}]}]",23,0,0,0,0,0,0,0,0,0,0,0,2,6.8,1.4,0.0,0.8,1,False
197,"[{'fixture': 194, 'stats': [{'identifier': 'minutes', 'points': 0, 'value': 0}]}]",0,0,0,0,0,0,0,0,0,0,0,0,0,0.0,0.0,0.0,0.0,0,False
198,"[{'fixture': 194, 'stats': [{'identifier': 'minutes', 'points': 2, 'value': 90}, {'identifier': 'clean_sheets', 'points': 1, 'value': 1}]}]",90,0,0,1,0,0,0,0,0,0,0,0,16,22.4,14.0,2.0,3.8,3,False
199,"[{'fixture': 194, 'stats': [{'identifier': 'minutes', 'points': 2, 'value': 85}, {'identifier': 'clean_sheets', 'points': 1, 'value': 1}]}]",85,0,0,1,0,0,0,0,0,0,0,0,6,1.8,2.8,24.0,2.9,3,False
200,"[{'fixture': 194, 'stats': [{'identifier': 'minutes', 'points': 1, 'value': 4}]}]",4,0,0,0,0,0,0,0,0,0,0,0,4,1.2,0.1,0.0,0.1,1,False
201,"[{'fixture': 194, 'stats': [{'identifier': 'minutes', 'points': 0, 'value': 0}]}]",0,0,0,0,0,0,0,0,0,0,0,0,0,0.0,0.0,0.0,0.0,0,False
214,"[{'fixture': 195, 'stats': [{'identifier': 'minutes', 'points': 2, 'value': 87}, {'identifier': 'clean_sheets', 'points': 1, 'value': 1}]}]",87,0,0,1,0,0,0,0,0,0,0,0,12,5.6,26.2,18.0,5.0,3,False
215,"[{'fixture': 195, 'stats': [{'identifier': 'minutes', 'points': 2, 'value': 90}, {'identifier': 'goals_scored', 'points': 5, 'value': 1}, {'identifier': 'assists', 'points': 3, 'value': 1}, {'identifier': 'clean_sheets', 'points': 1, 'value': 1}, {'identifier': 'bonus', 'points': 3, 'value': 3}]}]",90,1,1,1,0,0,0,0,0,0,0,3,34,57.4,17.8,44.0,11.9,14,True
216,"[{'fixture': 195, 'stats': [{'identifier': 'minutes', 'points': 0, 'value': 0}]}]",0,0,0,0,0,0,0,0,0,0,0,0,0,0.0,0.0,0.0,0.0,0,False
217,"[{'fixture': 195, 'stats': [{'identifier': 'minutes', 'points': 2, 'value': 90}, {'identifier': 'assists', 'points': 3, 'value': 1}, {'identifier': 'clean_sheets', 'points': 1, 'value': 1}]}]",90,0,1,1,0,0,0,0,0,0,0,0,25,26.6,33.2,66.0,12.6,6,False
218,"[{'fixture': 195, 'stats': [{'identifier': 'minutes', 'points': 2, 'value': 61}, {'identifier': 'clean_sheets', 'points': 1, 'value': 1}, {'identifier': 'yellow_cards', 'points': -1, 'value': 1}]}]",61,0,0,1,0,0,0,0,1,0,0,0,10,10.4,40.9,4.0,5.5,2,False
219,"[{'fixture': 195, 'stats': [{'identifier': 'minutes', 'points': 0, 'value': 0}]}]",0,0,0,0,0,0,0,0,0,0,0,0,0,0.0,0.0,0.0,0.0,0,False
220,"[{'fixture': 195, 'stats': [{'identifier': 'minutes', 'points': 1, 'value': 9}]}]",9,0,0,0,0,0,0,0,0,0,0,0,3,3.0,1.1,9.0,1.3,1,False
221,"[{'fixture': 195, 'stats': [{'identifier': 'minutes', 'points': 2, 'value': 90}, {'identifier': 'clean_sheets', 'points': 1, 'value': 1}]}]",90,0,0,1,0,0,0,0,0,0,0,0,15,24.2,3.8,0.0,2.8,3,False
222,"[{'fixture': 195, 'stats': [{'identifier': 'minutes', 'points': 1, 'value': 28}]}]",28,0,0,0,0,0,0,0,0,0,0,0,9,1.8,3.8,0.0,0.6,1,False
238,"[{'fixture': 193, 'stats': [{'identifier': 'minutes', 'points': 0, 'value': 0}]}]",0,0,0,0,0,0,0,0,0,0,0,0,0,0.0,0.0,0.0,0.0,0,False
239,"[{'fixture': 193, 'stats': [{'identifier': 'minutes', 'points': 2, 'value': 88}, {'identifier': 'goals_scored', 'points': 5, 'value': 1}, {'identifier': 'clean_sheets', 'points': 1, 'value': 1}]}]",88,1,0,1,0,0,0,0,0,0,0,0,21,35.4,7.5,66.0,10.9,8,False
240,"[{'fixture': 193, 'stats': [{'identifier': 'minutes', 'points': 0, 'value': 0}]}]",0,0,0,0,0,0,0,0,0,0,0,0,0,0.0,0.0,0.0,0.0,0,False
241,"[{'fixture': 193, 'stats': [{'identifier': 'minutes', 'points': 1, 'value': 17}, {'identifier': 'yellow_cards', 'points': -1, 'value': 1}]}]",17,0,0,0,0,0,0,0,1,0,0,0,-2,0.0,0.9,2.0,0.1,0,False
242,"[{'fixture': 193, 'stats': [{'identifier': 'minutes', 'points': 0, 'value': 0}]}]",0,0,0,0,0,0,0,0,0,0,0,0,0,0.0,0.0,0.0,0.0,0,False
243,"[{'fixture': 193, 'stats': [{'identifier': 'minutes', 'points': 2, 'value': 90}, {'identifier': 'assists', 'points': 3, 'value': 1}, {'identifier': 'clean_sheets', 'points': 1, 'value': 1}]}]",90,0,1,1,0,0,0,0,0,0,0,0,21,24.2,16.5,26.0,6.7,6,False
244,"[{'fixture': 193, 'stats': [{'identifier': 'minutes', 'points': 2, 'value': 90}, {'identifier': 'clean_sheets', 'points': 1, 'value': 1}, {'identifier': 'yellow_cards', 'points': -1, 'value': 1}]}]",90,0,0,1,0,0,0,0,1,0,0,0,10,9.8,4.2,19.0,3.3,2,False
245,"[{'fixture': 193, 'stats': [{'identifier': 'minutes', 'points': 0, 'value': 0}]}]",0,0,0,0,0,0,0,0,0,0,0,0,0,0.0,0.0,0.0,0.0,0,False
246,"[{'fixture': 193, 'stats': [{'identifier': 'minutes', 'points': 2, 'value': 72}, {'identifier': 'assists', 'points': 3, 'value': 1}, {'identifier': 'clean_sheets', 'points': 1, 'value': 1}]}]",72,0,1,1,0,0,0,0,0,0,0,0,22,25.0,47.7,10.0,8.3,6,False
247,"[{'fixture': 193, 'stats': [{'identifier': 'minutes', 'points': 2, 'value': 90}, {'identifier': 'clean_sheets', 'points': 1, 'value': 1}]}]",90,0,0,1,0,0,0,0,0,0,0,0,14,8.8,2.8,1.0,1.3,3,False
248,"[{'fixture': 193, 'stats': [{'identifier': 'minutes', 'points': 0, 'value': 0}]}]",0,0,0,0,0,0,0,0,0,0,0,0,0,0.0,0.0,0.0,0.0,0,False
249,"[{'fixture': 193, 'stats': [{'identifier': 'minutes', 'points': 0, 'value': 0}]}]",0,0,0,0,0,0,0,0,0,0,0,0,0,0.0,0.0,0.0,0.0,0,False
250,"[{'fixture': 193, 'stats': [{'identifier': 'minutes', 'points': 0, 'value': 0}]}]",0,0,0,0,0,0,0,0,0,0,0,0,0,0.0,0.0,0.0,0.0,0,False
265,"[{'fixture': 200, 'stats': [{'identifier': 'minutes', 'points': 2, 'value': 63}, {'identifier': 'assists', 'points': 6, 'value': 2}, {'identifier': 'bonus', 'points': 2, 'value': 2}]}]",63,0,2,0,1,0,0,0,0,0,0,2,32,36.4,27.4,4.0,6.8,10,True
266,"[{'fixture': 196, 'stats': [{'identifier': 'minutes', 'points': 2, 'value': 90}]}]",90,0,0,0,2,0,0,0,0,0,0,0,1,1.8,1.8,32.0,3.6,2,False
267,"[{'fixture': 196, 'stats': [{'identifier': 'minutes', 'points': 1, 'value': 16}]}]",16,0,0,0,0,0,0,0,0,0,0,0,2,2.0,0.0,2.0,0.4,1,False
268,"[{'fixture': 196, 'stats': [{'identifier': 'minutes', 'points': 0, 'value': 0}]}]",0,0,0,0,0,0,0,0,0,0,0,0,0,0.0,0.0,0.0,0.0,0,False
269,"[{'fixture': 196, 'stats': [{'identifier': 'minutes', 'points': 2, 'value': 90}]}]",90,0,0,0,2,0,0,0,0,0,0,0,12,6.2,29.5,7.0,4.3,2,False
270,"[{'fixture': 196, 'stats': [{'identifier': 'minutes', 'points': 1, 'value': 5}]}]",5,0,0,0,0,0,0,0,0,0,0,0,3,0.0,0.0,0.0,0.0,1,False
271,"[{'fixture': 196, 'stats': [{'identifier': 'minutes', 'points': 2, 'value': 90}, {'identifier': 'yellow_cards', 'points': -1, 'value': 1}]}]",90,0,0,0,2,0,0,0,1,0,0,0,9,14.2,13.9,3.0,3.1,1,False
282,"[{'fixture': 197, 'stats': [{'identifier': 'minutes', 'points': 2, 'value': 74}, {'identifier': 'goals_scored', 'points': 5, 'value': 1}, {'identifier': 'yellow_cards', 'points': -1, 'value': 1}, {'identifier': 'bonus', 'points': 1, 'value': 1}]}]",74,1,0,0,1,0,0,0,1,0,0,1,27,43.0,14.6,7.0,6.5,7,False
283,"[{'fixture': 197, 'stats': [{'identifier': 'minutes', 'points': 2, 'value': 90}, {'identifier': 'assists', 'points': 3, 'value': 1}, {'identifier': 'bonus', 'points': 1, 'value': 1}]}]",90,0,1,0,2,0,0,0,0,0,0,1,27,35.8,31.4,2.0,6.9,6,False
284,"[{'fixture': 197, 'stats': [{'identifier': 'minutes', 'points': 2, 'value': 90}]}]",90,0,0,0,2,0,0,0,0,0,0,0,2,6.2,1.8,13.0,2.1,2,False
285,"[{'fixture': 197, 'stats': [{'identifier': 'minutes', 'points': 2, 'value': 69}]}]",69,0,0,0,1,0,0,0,0,0,0,0,3,8.4,4.1,19.0,3.2,2,False
286,"[{'fixture': 197, 'stats': [{'identifier': 'minutes', 'points': 1, 'value': 20}]}]",20,0,0,0,1,0,0,0,0,0,0,0,5,3.6,1.7,0.0,0.5,1,False
287,"[{'fixture': 197, 'stats': [{'identifier': 'minutes', 'points': 1, 'value': 4}]}]",4,0,0,0,0,0,0,0,0,0,0,0,3,1.2,0.5,0.0,0.2,1,False
288,"[{'fixture': 197, 'stats': [{'identifier': 'minutes', 'points': 0, 'value': 0}]}]",0,0,0,0,0,0,0,0,0,0,0,0,0,0.0,0.0,0.0,0.0,0,False
289,"[{'fixture': 197, 'stats': [{'identifier': 'minutes', 'points': 2, 'value': 85}]}]",85,0,0,0,2,0,0,0,0,0,0,0,10,8.2,11.8,0.0,2.0,2,False
290,"[{'fixture': 197, 'stats': [{'identifier': 'minutes', 'points': 1, 'value': 15}]}]",15,0,0,0,1,0,0,0,0,0,0,0,4,7.6,0.6,0.0,0.8,1,False
300,"[{'fixture': 195, 'stats': [{'identifier': 'minutes', 'points': 0, 'value': 0}]}]",0,0,0,0,0,0,0,0,0,0,0,0,0,0.0,0.0,0.0,0.0,0,False
301,"[{'fixture': 195, 'stats': [{'identifier': 'minutes', 'points': 2, 'value': 90}]}]",90,0,0,0,2,0,0,0,0,0,0,0,18,7.8,2.8,0.0,1.1,2,False
302,"[{'fixture': 195, 'stats': [{'identifier': 'minutes', 'points': 2, 'value': 90}]}]",90,0,0,0,2,0,0,0,0,0,0,0,26,30.0,37.4,0.0,6.7,2,False
320,"[{'fixture': 198, 'stats': [{'identifier': 'minutes', 'points': 2, 'value': 90}]}]",90,0,0,0,1,0,0,0,0,0,0,0,10,7.0,12.7,8.0,2.8,2,False
321,"[{'fixture': 198, 'stats': [{'identifier': 'minutes', 'points': 2, 'value': 90}, {'identifier': 'yellow_cards', 'points': -1, 'value': 1}]}]",90,0,0,0,1,0,0,0,1,0,0,0,14,24.4,55.8,15.0,9.5,1,False
322,"[{'fixture': 198, 'stats': [{'identifier': 'minutes', 'points': 0, 'value': 0}]}]",0,0,0,0,0,0,0,0,0,0,0,0,0,0.0,0.0,0.0,0.0,0,False
323,"[{'fixture': 198, 'stats': [{'identifier': 'minutes', 'points': 1, 'value': 22}]}]",22,0,0,0,0,0,0,0,0,0,0,0,2,0.2,1.1,2.0,0.3,1,False
324,"[{'fixture': 198, 'stats': [{'identifier': 'minutes', 'points': 0, 'value': 0}]}]",0,0,0,0,0,0,0,0,0,0,0,0,0,0.0,0.0,0.0,0.0,0,False
325,"[{'fixture': 198, 'stats': [{'identifier': 'minutes', 'points': 2, 'value': 90}]}]",90,0,0,0,1,0,0,0,0,0,0,0,22,20.0,22.9,9.0,5.2,2,False
326,"[{'fixture': 198, 'stats': [{'identifier': 'minutes', 'points': 0, 'value': 0}]}]",0,0,0,0,0,0,0,0,0,0,0,0,0,0.0,0.0,0.0,0.0,0,False
327,"[{'fixture': 198, 'stats': [{'identifier': 'minutes', 'points': 0, 'value': 0}]}]",0,0,0,0,0,0,0,0,0,0,0,0,0,0.0,0.0,0.0,0.0,0,False
328,"[{'fixture': 198, 'stats': [{'identifier': 'minutes', 'points': 0, 'value': 0}]}]",0,0,0,0,0,0,0,0,0,0,0,0,0,0.0,0.0,0.0,0.0,0,False
342,"[{'fixture': 197, 'stats': [{'identifier': 'minutes', 'points': 0, 'value': 0}]}]",0,0,0,0,0,0,0,0,0,0,0,0,0,0.0,0.0,0.0,0.0,0,False
343,"[{'fixture': 197, 'stats': [{'identifier': 'minutes', 'points': 2, 'value': 90}, {'identifier': 'goals_scored', 'points': 5, 'value': 1}, {'identifier': 'yellow_cards', 'points': -1, 'value': 1}, {'identifier': 'bonus', 'points': 3, 'value': 3}]}]",90,1,0,0,2,0,0,0,1,0,0,3,32,54.8,32.2,32.0,11.9,9,False
344,"[{'fixture': 197, 'stats': [{'identifier': 'minutes', 'points': 2, 'value': 90}]}]",90,0,0,0,2,0,0,0,0,0,0,0,6,7.4,28.6,49.0,8.5,2,False
345,"[{'fixture': 197, 'stats': [{'identifier': 'minutes', 'points': 1, 'value': 45}, {'identifier': 'assists', 'points': 3, 'value': 1}, {'identifier': 'yellow_cards', 'points': -1, 'value': 1}]}]",45,0,1,0,1,0,0,0,1,0,0,0,7,4.4,14.3,10.0,2.9,3,False
346,"[{'fixture': 197, 'stats': [{'identifier': 'minutes', 'points': 1, 'value': 16}]}]",16,0,0,0,0,0,0,0,0,0,0,0,2,3.8,2.2,7.0,1.3,1,False
347,"[{'fixture': 197, 'stats': [{'identifier': 'minutes', 'points': 0, 'value': 0}]}]",0,0,0,0,0,0,0,0,0,0,0,0,0,0.0,0.0,0.0,0.0,0,False
348,"[{'fixture': 197, 'stats': [{'identifier': 'minutes', 'points': 0, 'value': 0}]}]",0,0,0,0,0,0,0,0,0,0,0,0,0,0.0,0.0,0.0,0.0,0,False
349,"[{'fixture': 197, 'stats': [{'identifier': 'minutes', 'points': 0, 'value': 0}]}]",0,0,0,0,0,0,0,0,0,0,0,0,0,0.0,0.0,0.0,0.0,0,False
350,"[{'fixture': 197, 'stats': [{'identifier': 'minutes', 'points': 0, 'value': 0}]}]",0,0,0,0,0,0,0,0,0,0,0,0,0,0.0,0.0,0.0,0.0,0,False
351,"[{'fixture': 197, 'stats': [{'identifier': 'minutes', 'points': 0, 'value': 0}]}]",0,0,0,0,0,0,0,0,0,0,0,0,0,0.0,0.0,0.0,0.0,0,False
352,"[{'fixture': 197, 'stats': [{'identifier': 'minutes', 'points': 0, 'value': 0}]}]",0,0,0,0,0,0,0,0,0,0,0,0,0,0.0,0.0,0.0,0.0,0,False
368,"[{'fixture': 199, 'stats': [{'identifier': 'minutes', 'points': 2, 'value': 90}, {'identifier': 'assists', 'points': 3, 'value': 1}, {'identifier': 'clean_sheets', 'points': 1, 'value': 1}]}]",90,0,1,1,0,0,0,0,0,0,0,0,23,12.4,4.9,20.0,3.7,6,False
369,"[{'fixture': 199, 'stats': [{'identifier': 'minutes', 'points': 0, 'value': 0}]}]",0,0,0,0,0,0,0,0,0,0,0,0,0,0.0,0.0,0.0,0.0,0,False
370,"[{'fixture': 199, 'stats': [{'identifier': 'minutes', 'points': 1, 'value': 45}]}]",45,0,0,0,0,0,0,0,0,0,0,0,7,2.8,6.1,9.0,1.8,1,False
371,"[{'fixture': 199, 'stats': [{'identifier': 'minutes', 'points': 0, 'value': 0}]}]",0,0,0,0,0,0,0,0,0,0,0,0,0,0.0,0.0,0.0,0.0,0,False
372,"[{'fixture': 199, 'stats': [{'identifier': 'minutes', 'points': 0, 'value': 0}]}]",0,0,0,0,0,0,0,0,0,0,0,0,0,0.0,0.0,0.0,0.0,0,False
373,"[{'fixture': 199, 'stats': [{'identifier': 'minutes', 'points': 2, 'value': 90}, {'identifier': 'assists', 'points': 3, 'value': 1}, {'identifier': 'clean_sheets', 'points': 1, 'value': 1}, {'identifier': 'yellow_cards', 'points': -1, 'value': 1}, {'identifier': 'bonus', 'points': 1, 'value': 1}]}]",90,0,1,1,0,0,0,0,1,0,0,1,26,44.2,37.8,14.0,9.6,6,False
374,"[{'fixture': 199, 'stats': [{'identifier': 'minutes', 'points': 1, 'value': 14}]}]",14,0,0,0,0,0,0,0,0,0,0,0,2,0.0,0.1,21.0,1.9,1,False
375,"[{'fixture': 199, 'stats': [{'identifier': 'minutes', 'points': 0, 'value': 0}]}]",0,0,0,0,0,0,0,0,0,0,0,0,0,0.0,0.0,0.0,0.0,0,False
389,"[{'fixture': 200, 'stats': [{'identifier': 'minutes', 'points': 1, 'value': 35}]}]",35,0,0,0,1,0,0,0,0,0,0,0,3,2.4,3.8,16.0,2.2,1,False
390,"[{'fixture': 200, 'stats': [{'identifier': 'minutes', 'points': 2, 'value': 90}, {'identifier': 'assists', 'points': 3, 'value': 1}, {'identifier': 'bonus', 'points': 1, 'value': 1}]}]",90,0,1,0,2,0,0,0,0,0,0,1,30,37.6,38.9,2.0,7.9,6,False
391,"[{'fixture': 200, 'stats': [{'identifier': 'minutes', 'points': 2, 'value': 69}]}]",69,0,0,0,2,0,0,0,0,0,0,0,10,4.6,32.9,18.0,5.6,2,False
392,"[{'fixture': 200, 'stats': [{'identifier': 'minutes', 'points': 0, 'value': 0}]}]",0,0,0,0,0,0,0,0,0,0,0,0,0,0.0,0.0,0.0,0.0,0,False
393,"[{'fixture': 200, 'stats': [{'identifier': 'minutes', 'points': 1, 'value': 28}]}]",28,0,0,0,0,0,0,0,0,0,0,0,5,8.8,14.8,5.0,2.9,1,False
394,"[{'fixture': 200, 'stats': [{'identifier': 'minutes', 'points': 0, 'value': 0}]}]",0,0,0,0,0,0,0,0,0,0,0,0,0,0.0,0.0,0.0,0.0,0,False
395,"[{'fixture': 200, 'stats': [{'identifier': 'minutes', 'points': 2, 'value': 90}, {'identifier': 'yellow_cards', 'points': -1, 'value': 1}]}]",90,0,0,0,2,0,0,0,1,0,0,0,10,16.4,27.1,19.0,6.3,1,False
396,"[{'fixture': 200, 'stats': [{'identifier': 'minutes', 'points': 0, 'value': 0}]}]",0,0,0,0,0,0,0,0,0,0,0,0,0,0.0,0.0,0.0,0.0,0,False
397,"[{'fixture': 200, 'stats': [{'identifier': 'minutes', 'points': 2, 'value': 61}]}]",61,0,0,0,2,0,0,0,0,0,0,0,7,5.4,1.8,0.0,0.7,2,False
398,"[{'fixture': 200, 'stats': [{'identifier': 'minutes', 'points': 0, 'value': 0}]}]",0,0,0,0,0,0,0,0,0,0,0,0,0,0.0,0.0,0.0,0.0,0,False
399,"[{'fixture': 200, 'stats': [{'identifier': 'minutes', 'points': 2, 'value': 90}, {'identifier': 'goals_scored', 'points': 5, 'value': 1}, {'identifier': 'bonus', 'points': 3, 'value': 3}]}]",90,1,0,0,2,0,0,0,0,0,0,3,33,48.2,18.5,17.0,8.4,10,True
400,"[{'fixture': 200, 'stats': [{'identifier': 'minutes', 'points': 0, 'value': 0}]}]",0,0,0,0,0,0,0,0,0,0,0,0,0,0.0,0.0,0.0,0.0,0,False
414,"[{'fixture': 194, 'stats': [{'identifier': 'minutes', 'points': 1, 'value': 57}]}]",57,0,0,0,1,0,0,0,0,0,0,0,8,7.0,0.8,8.0,1.6,1,False
415,"[{'fixture': 194, 'stats': [{'identifier': 'minutes', 'points': 2, 'value': 90}]}]",90,0,0,0,1,0,0,0,0,0,0,0,7,20.2,20.9,8.0,4.9,2,False
416,"[{'fixture': 194, 'stats': [{'identifier': 'minutes', 'points': 0, 'value': 0}]}]",0,0,0,0,0,0,0,0,0,0,0,0,0,0.0,0.0,0.0,0.0,0,False
417,"[{'fixture': 194, 'stats': [{'identifier': 'minutes', 'points': 1, 'value': 32}]}]",32,0,0,0,0,0,0,0,0,0,0,0,7,10.8,1.3,8.0,2.0,1,False
418,"[{'fixture': 194, 'stats': [{'identifier': 'minutes', 'points': 0, 'value': 0}]}]",0,0,0,0,0,0,0,0,0,0,0,0,0,0.0,0.0,0.0,0.0,0,False
419,"[{'fixture': 194, 'stats': [{'identifier': 'minutes', 'points': 0, 'value': 0}]}]",0,0,0,0,0,0,0,0,0,0,0,0,0,0.0,0.0,0.0,0.0,0,False
420,"[{'fixture': 194, 'stats': [{'identifier': 'minutes', 'points': 1, 'value': 57}]}]",57,0,0,0,1,0,0,0,0,0,0,0,3,4.8,0.3,4.0,0.9,1,False
421,"[{'fixture': 192, 'stats': [{'identifier': 'minutes', 'points': 2, 'value': 90}, {'identifier': 'assists', 'points': 3, 'value': 1}, {'identifier': 'clean_sheets', 'points': 1, 'value': 1}, {'identifier': 'bonus', 'points': 1, 'value': 1}]}]",90,0,1,1,0,0,0,0,0,0,0,1,28,31.6,45.6,24.0,10.1,7,False
422,"[{'fixture': 196, 'stats': [{'identifier': 'minutes', 'points': 0, 'value': 0}]}]",0,0,0,0,0,0,0,0,0,0,0,0,0,0.0,0.0,0.0,0.0,0,False
430,"[{'fixture': 193, 'stats': [{'identifier': 'minutes', 'points': 0, 'value': 0}]}]",0,0,0,0,0,0,0,0,0,0,0,0,0,0.0,0.0,0.0,0.0,0,False
431,"[{'fixture': 191, 'stats': [{'identifier': 'minutes', 'points': 0, 'value': 0}]}]",0,0,0,0,0,0,0,0,0,0,0,0,0,0.0,0.0,0.0,0.0,0,False
432,"[{'fixture': 191, 'stats': [{'identifier': 'minutes', 'points': 2, 'value': 69}]}]",69,0,0,0,1,0,0,0,0,0,0,0,13,7.0,4.8,1.0,1.3,2,False
435,"[{'fixture': 197, 'stats': [{'identifier': 'minutes', 'points': 0, 'value': 0}]}]",0,0,0,0,0,0,0,0,0,0,0,0,0,0.0,0.0,0.0,0.0,0,False
438,"[{'fixture': 198, 'stats': [{'identifier': 'minutes', 'points': 1, 'value': 27}]}]",27,0,0,0,0,0,0,0,0,0,0,0,6,11.6,15.1,25.0,5.2,1,False
441,"[{'fixture': 195, 'stats': [{'identifier': 'minutes', 'points': 0, 'value': 0}]}]",0,0,0,0,0,0,0,0,0,0,0,0,0,0.0,0.0,0.0,0.0,0,False
442,"[{'fixture': 197, 'stats': [{'identifier': 'minutes', 'points': 2, 'value': 90}]}]",90,0,0,0,2,0,0,0,0,0,0,0,17,18.8,24.8,4.0,4.8,2,False
443,"[{'fixture': 195, 'stats': [{'identifier': 'minutes', 'points': 2, 'value': 90}, {'identifier': 'clean_sheets', 'points': 1, 'value': 1}]}]",90,0,0,1,0,0,0,0,0,0,0,0,20,25.2,29.8,8.0,6.3,3,False
448,"[{'fixture': 200, 'stats': [{'identifier': 'minutes', 'points': 0, 'value': 0}]}]",0,0,0,0,0,0,0,0,0,0,0,0,0,0.0,0.0,0.0,0.0,0,False
453,"[{'fixture': 195, 'stats': [{'identifier': 'minutes', 'points': 1, 'value': 58}]}]",58,0,0,0,1,0,0,0,0,0,0,0,10,5.4,17.0,2.0,2.4,1,False
456,"[{'fixture': 195, 'stats': [{'identifier': 'minutes', 'points': 0, 'value': 0}]}]",0,0,0,0,0,0,0,0,0,0,0,0,0,0.0,0.0,0.0,0.0,0,False
462,"[{'fixture': 191, 'stats': [{'identifier': 'minutes', 'points': 0, 'value': 0}]}]",0,0,0,0,0,0,0,0,0,0,0,0,0,0.0,0.0,0.0,0.0,0,False
463,"[{'fixture': 191, 'stats': [{'identifier': 'minutes', 'points': 2, 'value': 90}, {'identifier': 'assists', 'points': 3, 'value': 1}, {'identifier': 'yellow_cards', 'points': -1, 'value': 1}]}]",90,0,1,0,1,0,0,0,1,0,0,0,17,20.0,17.5,19.0,5.7,4,False
465,"[{'fixture': 199, 'stats': [{'identifier': 'minutes', 'points': 0, 'value': 0}]}]",0,0,0,0,0,0,0,0,0,0,0,0,0,0.0,0.0,0.0,0.0,0,False
469,"[{'fixture': 191, 'stats': [{'identifier': 'minutes', 'points': 0, 'value': 0}]}]",0,0,0,0,0,0,0,0,0,0,0,0,0,0.0,0.0,0.0,0.0,0,False
470,"[{'fixture': 199, 'stats': [{'identifier': 'minutes', 'points': 2, 'value': 90}]}]",90,0,0,0,3,0,0,0,0,0,0,0,12,19.2,17.7,12.0,4.9,2,False
472,"[{'fixture': 195, 'stats': [{'identifier': 'minutes', 'points': 0, 'value': 0}]}]",0,0,0,0,0,0,0,0,0,0,0,0,0,0.0,0.0,0.0,0.0,0,False
476,"[{'fixture': 192, 'stats': [{'identifier': 'minutes', 'points': 2, 'value': 90}, {'identifier': 'yellow_cards', 'points': -1, 'value': 1}]}]",90,0,0,0,2,0,0,0,1,0,0,0,17,16.8,3.2,0.0,2.0,1,False
480,"[{'fixture': 200, 'stats': [{'identifier': 'minutes', 'points': 0, 'value': 0}]}]",0,0,0,0,0,0,0,0,0,0,0,0,0,0.0,0.0,0.0,0.0,0,False
482,"[{'fixture': 196, 'stats': [{'identifier': 'minutes', 'points': 0, 'value': 0}]}]",0,0,0,0,0,0,0,0,0,0,0,0,0,0.0,0.0,0.0,0.0,0,False
483,"[{'fixture': 196, 'stats': [{'identifier': 'minutes', 'points': 0, 'value': 0}]}]",0,0,0,0,0,0,0,0,0,0,0,0,0,0.0,0.0,0.0,0.0,0,False
488,"[{'fixture': 191, 'stats': [{'identifier': 'minutes', 'points': 1, 'value': 4}]}]",4,0,0,0,1,0,0,0,0,0,0,0,3,0.0,0.3,0.0,0.0,1,False
489,"[{'fixture': 191, 'stats': [{'identifier': 'minutes', 'points': 2, 'value': 85}]}]",85,0,0,0,1,0,0,0,0,0,0,0,3,6.4,2.5,0.0,0.9,2,False
490,"[{'fixture': 191, 'stats': [{'identifier': 'minutes', 'points': 1, 'value': 14}]}]",14,0,0,0,2,0,0,0,0,0,0,0,5,2.0,14.3,4.0,2.0,1,False
491,"[{'fixture': 199, 'stats': [{'identifier': 'minutes', 'points': 0, 'value': 0}]}]",0,0,0,0,0,0,0,0,0,0,0,0,0,0.0,0.0,0.0,0.0,0,False
492,"[{'fixture': 192, 'stats': [{'identifier': 'minutes', 'points': 0, 'value': 0}]}]",0,0,0,0,0,0,0,0,0,0,0,0,0,0.0,0.0,0.0,0.0,0,False
497,"[{'fixture': 196, 'stats': [{'identifier': 'minutes', 'points': 0, 'value': 0}]}]",0,0,0,0,0,0,0,0,0,0,0,0,0,0.0,0.0,0.0,0.0,0,False
499,"[{'fixture': 196, 'stats': [{'identifier': 'minutes', 'points': 0, 'value': 0}]}]",0,0,0,0,0,0,0,0,0,0,0,0,0,0.0,0.0,0.0,0.0,0,False
500,"[{'fixture': 196, 'stats': [{'identifier': 'minutes', 'points': 0, 'value': 0}]}]",0,0,0,0,0,0,0,0,0,0,0,0,0,0.0,0.0,0.0,0.0,0,False
505,"[{'fixture': 192, 'stats': [{'identifier': 'minutes', 'points': 2, 'value': 61}]}]",61,0,0,0,1,0,0,0,0,0,0,0,5,2.0,1.4,28.0,3.1,2,False
507,"[{'fixture': 197, 'stats': [{'identifier': 'minutes', 'points': 0, 'value': 0}]}]",0,0,0,0,0,0,0,0,0,0,0,0,0,0.0,0.0,0.0,0.0,0,False
508,"[{'fixture': 198, 'stats': [{'identifier': 'minutes', 'points': 2, 'value': 67}]}]",67,0,0,0,1,0,0,0,0,0,0,0,4,7.8,3.8,8.0,2.0,2,False
510,"[{'fixture': 198, 'stats': [{'identifier': 'minutes', 'points': 0, 'value': 0}]}]",0,0,0,0,0,0,0,0,0,0,0,0,0,0.0,0.0,0.0,0.0,0,False
516,"[{'fixture': 192, 'stats': [{'identifier': 'minutes', 'points': 2, 'value': 83}, {'identifier': 'goals_scored', 'points': 5, 'value': 1}, {'identifier': 'clean_sheets', 'points': 1, 'value': 1}, {'identifier': 'bonus', 'points': 3, 'value': 3}]}]",83,1,0,1,0,0,0,0,0,0,0,3,34,51.4,68.3,38.0,15.8,11,True
517,"[{'fixture': 200, 'stats': [{'identifier': 'minutes', 'points': 0, 'value': 0}]}]",0,0,0,0,0,0,0,0,0,0,0,0,0,0.0,0.0,0.0,0.0,0,False
522,"[{'fixture': 195, 'stats': [{'identifier': 'minutes', 'points': 2, 'value': 74}]}]",74,0,0,0,1,0,0,0,0,0,0,0,5,2.0,4.0,5.0,1.1,2,False
523,"[{'fixture': 197, 'stats': [{'identifier': 'minutes', 'points': 2, 'value': 73}]}]",73,0,0,0,2,0,0,0,0,0,0,0,13,10.0,13.3,17.0,4.0,2,False
524,"[{'fixture': 197, 'stats': [{'identifier': 'minutes', 'points': 2, 'value': 90}]}]",90,0,0,0,2,0,0,0,0,0,0,0,13,16.6,25.6,24.0,6.6,2,False
525,"[{'fixture': 199, 'stats': [{'identifier': 'minutes', 'points': 2, 'value': 90}, {'identifier': 'goals_scored', 'points': 5, 'value': 1}, {'identifier': 'clean_sheets', 'points': 1, 'value': 1}, {'identifier': 'yellow_cards', 'points': -1, 'value': 1}]}]",90,1,0,1,0,0,0,0,1,0,0,0,23,39.0,17.4,83.0,13.9,7,False
527,"[{'fixture': 197, 'stats': [{'identifier': 'minutes', 'points': 0, 'value': 0}]}]",0,0,0,0,0,0,0,0,0,0,0,0,0,0.0,0.0,0.0,0.0,0,False
528,"[{'fixture': 194, 'stats': [{'identifier': 'minutes', 'points': 2, 'value': 90}]}]",90,0,0,0,1,0,0,0,0,0,0,0,9,7.6,14.4,3.0,2.5,2,False
533,"[{'fixture': 191, 'stats': [{'identifier': 'minutes', 'points': 0, 'value': 0}]}]",0,0,0,0,0,0,0,0,0,0,0,0,0,0.0,0.0,0.0,0.0,0,False
537,"[{'fixture': 192, 'stats': [{'identifier': 'minutes', 'points': 1, 'value': 6}]}]",6,0,0,0,0,0,0,0,0,0,0,0,5,6.4,23.5,4.0,3.4,1,False
539,"[{'fixture': 198, 'stats': [{'identifier': 'minutes', 'points': 2, 'value': 90}]}]",90,0,0,0,1,0,0,0,0,0,0,0,12,11.0,2.3,2.0,1.5,2,False
540,"[{'fixture': 196, 'stats': [{'identifier': 'minutes', 'points': 0, 'value': 0}]}]",0,0,0,0,0,0,0,0,0,0,0,0,0,0.0,0.0,0.0,0.0,0,False
541,"[{'fixture': 191, 'stats': [{'identifier': 'minutes', 'points': 2, 'value': 90}]}]",90,0,0,0,2,0,0,0,0,0,0,0,8,8.2,12.2,0.0,2.0,2,False
550,"[{'fixture': 194, 'stats': [{'identifier': 'minutes', 'points': 0, 'value': 0}]}]",0,0,0,0,0,0,0,0,0,0,0,0,0,0.0,0.0,0.0,0.0,0,False
557,"[{'fixture': 196, 'stats': [{'identifier': 'minutes', 'points': 0, 'value': 0}]}]",0,0,0,0,0,0,0,0,0,0,0,0,0,0.0,0.0,0.0,0.0,0,False
560,"[{'fixture': 194, 'stats': [{'identifier': 'minutes', 'points': 0, 'value': 0}]}]",0,0,0,0,0,0,0,0,0,0,0,0,0,0.0,0.0,0.0,0.0,0,False
563,"[{'fixture': 199, 'stats': [{'identifier': 'minutes', 'points': 0, 'value': 0}]}]",0,0,0,0,0,0,0,0,0,0,0,0,0,0.0,0.0,0.0,0.0,0,False
564,"[{'fixture': 192, 'stats': [{'identifier': 'minutes', 'points': 0, 'value': 0}]}]",0,0,0,0,0,0,0,0,0,0,0,0,0,0.0,0.0,0.0,0.0,0,False
565,"[{'fixture': 192, 'stats': [{'identifier': 'minutes', 'points': 0, 'value': 0}]}]",0,0,0,0,0,0,0,0,0,0,0,0,0,0.0,0.0,0.0,0.0,0,False
566,"[{'fixture': 194, 'stats': [{'identifier': 'minutes', 'points': 0, 'value': 0}]}]",0,0,0,0,0,0,0,0,0,0,0,0,0,0.0,0.0,0.0,0.0,0,False
567,"[{'fixture': 194, 'stats': [{'identifier': 'minutes', 'points': 0, 'value': 0}]}]",0,0,0,0,0,0,0,0,0,0,0,0,0,0.0,0.0,0.0,0.0,0,False
568,"[{'fixture': 200, 'stats': [{'identifier': 'minutes', 'points': 0, 'value': 0}]}]",0,0,0,0,0,0,0,0,0,0,0,0,0,0.0,0.0,0.0,0.0,0,False
569,"[{'fixture': 194, 'stats': [{'identifier': 'minutes', 'points': 0, 'value': 0}]}]",0,0,0,0,0,0,0,0,0,0,0,0,0,0.0,0.0,0.0,0.0,0,False
571,"[{'fixture': 193, 'stats': [{'identifier': 'minutes', 'points': 0, 'value': 0}]}]",0,0,0,0,0,0,0,0,0,0,0,0,0,0.0,0.0,0.0,0.0,0,False
574,"[{'fixture': 192, 'stats': [{'identifier': 'minutes', 'points': 0, 'value': 0}]}]",0,0,0,0,0,0,0,0,0,0,0,0,0,0.0,0.0,0.0,0.0,0,False
576,"[{'fixture': 191, 'stats': [{'identifier': 'minutes', 'points': 0, 'value': 0}]}]",0,0,0,0,0,0,0,0,0,0,0,0,0,0.0,0.0,0.0,0.0,0,False
580,"[{'fixture': 198, 'stats': [{'identifier': 'minutes', 'points': 0, 'value': 0}]}]",0,0,0,0,0,0,0,0,0,0,0,0,0,0.0,0.0,0.0,0.0,0,False
584,"[{'fixture': 198, 'stats': [{'identifier': 'minutes', 'points': 0, 'value': 0}]}]",0,0,0,0,0,0,0,0,0,0,0,0,0,0.0,0.0,0.0,0.0,0,False
11,"[{'fixture': 191, 'stats': [{'identifier': 'minutes', 'points': 2, 'value': 90}, {'identifier': 'goals_scored', 'points': 4, 'value': 1}, {'identifier': 'bonus', 'points': 3, 'value': 3}]}]",90,1,0,0,2,0,0,0,0,0,0,3,35,46.2,12.8,51.0,11.0,9,False
12,"[{'fixture': 191, 'stats': [{'identifier': 'minutes', 'points': 2, 'value': 90}, {'identifier': 'yellow_cards', 'points': -1, 'value': 1}]}]",90,0,0,0,2,0,0,0,1,0,0,0,2,3.8,2.8,4.0,1.1,1,False
13,"[{'fixture': 191, 'stats': [{'identifier': 'minutes', 'points': 0, 'value': 0}]}]",0,0,0,0,0,0,0,0,0,0,0,0,0,0.0,0.0,0.0,0.0,0,False
26,"[{'fixture': 199, 'stats': [{'identifier': 'minutes', 'points': 1, 'value': 17}]}]",17,0,0,0,0,0,0,0,0,0,0,0,2,0.0,0.6,4.0,0.5,1,False
44,"[{'fixture': 192, 'stats': [{'identifier': 'minutes', 'points': 1, 'value': 1}]}]",1,0,0,0,0,0,0,0,0,0,0,0,2,3.0,0.3,17.0,2.0,1,False
45,"[{'fixture': 192, 'stats': [{'identifier': 'minutes', 'points': 0, 'value': 0}]}]",0,0,0,0,0,0,0,0,0,0,0,0,0,0.0,0.0,0.0,0.0,0,False
46,"[{'fixture': 192, 'stats': [{'identifier': 'minutes', 'points': 0, 'value': 0}]}]",0,0,0,0,0,0,0,0,0,0,0,0,0,0.0,0.0,0.0,0.0,0,False
67,"[{'fixture': 192, 'stats': [{'identifier': 'minutes', 'points': 1, 'value': 28}]}]",28,0,0,0,1,0,0,0,0,0,0,0,4,1.0,0.0,18.0,1.9,1,False
68,"[{'fixture': 192, 'stats': [{'identifier': 'minutes', 'points': 2, 'value': 72}]}]",72,0,0,0,1,0,0,0,0,0,0,0,3,3.2,12.8,21.0,3.7,2,False
69,"[{'fixture': 192, 'stats': [{'identifier': 'minutes', 'points': 2, 'value': 90}]}]",90,0,0,0,2,0,0,0,0,0,0,0,2,11.8,11.5,32.0,5.5,2,False
70,"[{'fixture': 195, 'stats': [{'identifier': 'minutes', 'points': 2, 'value': 82}]}]",82,0,0,0,2,0,0,0,0,0,0,0,-4,0.0,12.4,46.0,5.7,2,False
71,"[{'fixture': 192, 'stats': [{'identifier': 'minutes', 'points': 0, 'value': 0}]}]",0,0,0,0,0,0,0,0,0,0,0,0,0,0.0,0.0,0.0,0.0,0,False
90,"[{'fixture': 193, 'stats': [{'identifier': 'minutes', 'points': 2, 'value': 67}]}]",67,0,0,0,1,0,0,0,0,0,0,0,0,2.0,10.6,6.0,1.9,2,False
91,"[{'fixture': 193, 'stats': [{'identifier': 'minutes', 'points': 2, 'value': 90}]}]",90,0,0,0,2,0,0,0,0,0,0,0,0,1.6,2.1,4.0,0.8,2,False
92,"[{'fixture': 193, 'stats': [{'identifier': 'minutes', 'points': 0, 'value': 0}]}]",0,0,0,0,0,0,0,0,0,0,0,0,0,0.0,0.0,0.0,0.0,0,False
110,"[{'fixture': 191, 'stats': [{'identifier': 'minutes', 'points': 0, 'value': 0}]}]",0,0,0,0,0,0,0,0,0,0,0,0,0,0.0,0.0,0.0,0.0,0,False
129,"[{'fixture': 198, 'stats': [{'identifier': 'minutes', 'points': 0, 'value': 0}]}]",0,0,0,0,0,0,0,0,0,0,0,0,0,0.0,0.0,0.0,0.0,0,False
130,"[{'fixture': 198, 'stats': [{'identifier': 'minutes', 'points': 0, 'value': 0}]}]",0,0,0,0,0,0,0,0,0,0,0,0,0,0.0,0.0,0.0,0.0,0,False
146,"[{'fixture': 196, 'stats': [{'identifier': 'minutes', 'points': 0, 'value': 0}]}]",0,0,0,0,0,0,0,0,0,0,0,0,0,0.0,0.0,0.0,0.0,0,False
147,"[{'fixture': 196, 'stats': [{'identifier': 'minutes', 'points': 2, 'value': 90}, {'identifier': 'goals_scored', 'points': 8, 'value': 2}, {'identifier': 'yellow_cards', 'points': -1, 'value': 1}, {'identifier': 'bonus', 'points': 3, 'value': 3}]}]",90,2,0,0,1,0,0,0,1,0,0,3,60,80.0,55.0,107.0,24.2,12,True
166,"[{'fixture': 200, 'stats': [{'identifier': 'minutes', 'points': 0, 'value': 0}]}]",0,0,0,0,0,0,0,0,0,0,0,0,0,0.0,0.0,0.0,0.0,0,False
167,"[{'fixture': 200, 'stats': [{'identifier': 'minutes', 'points': 2, 'value': 90}, {'identifier': 'goals_scored', 'points': 4, 'value': 1}]}]",90,1,0,0,1,0,0,0,0,0,0,0,29,35.4,12.6,59.0,10.7,6,False
187,"[{'fixture': 194, 'stats': [{'identifier': 'minutes', 'points': 2, 'value': 85}]}]",85,0,0,1,0,0,0,0,0,0,0,0,6,0.2,4.6,24.0,2.9,2,False
188,"[{'fixture': 194, 'stats': [{'identifier': 'minutes', 'points': 1, 'value': 4}]}]",4,0,0,0,0,0,0,0,0,0,0,0,3,0.2,1.6,0.0,0.2,1,False
210,"[{'fixture': 195, 'stats': [{'identifier': 'minutes', 'points': 2, 'value': 80}, {'identifier': 'goals_scored', 'points': 4, 'value': 1}, {'identifier': 'bonus', 'points': 2, 'value': 2}]}]",80,1,0,1,0,0,0,0,0,0,0,2,33,31.2,5.1,23.0,5.9,8,False
211,"[{'fixture': 195, 'stats': [{'identifier': 'minutes', 'points': 1, 'value': 2}]}]",2,0,0,0,0,0,0,0,0,0,0,0,5,3.0,10.4,0.0,1.3,1,False
232,"[{'fixture': 193, 'stats': [{'identifier': 'minutes', 'points': 0, 'value': 0}]}]",0,0,0,0,0,0,0,0,0,0,0,0,0,0.0,0.0,0.0,0.0,0,False
233,"[{'fixture': 193, 'stats': [{'identifier': 'minutes', 'points': 2, 'value': 90}, {'identifier': 'goals_scored', 'points': 4, 'value': 1}, {'identifier': 'bonus', 'points': 3, 'value': 3}]}]",90,1,0,1,0,0,0,0,0,0,0,3,34,41.2,9.3,69.0,12.0,9,False
234,"[{'fixture': 193, 'stats': [{'identifier': 'minutes', 'points': 0, 'value': 0}]}]",0,0,0,0,0,0,0,0,0,0,0,0,0,0.0,0.0,0.0,0.0,0,False
260,"[{'fixture': 196, 'stats': [{'identifier': 'minutes', 'points': 0, 'value': 0}]}]",0,0,0,0,0,0,0,0,0,0,0,0,0,0.0,0.0,0.0,0.0,0,False
261,"[{'fixture': 196, 'stats': [{'identifier': 'minutes', 'points': 0, 'value': 0}]}]",0,0,0,0,0,0,0,0,0,0,0,0,0,0.0,0.0,0.0,0.0,0,False
278,"[{'fixture': 197, 'stats': [{'identifier': 'minutes', 'points': 2, 'value': 90}]}]",90,0,0,0,2,0,0,0,0,0,0,0,4,1.2,1.0,4.0,0.6,2,False
279,"[{'fixture': 197, 'stats': [{'identifier': 'minutes', 'points': 0, 'value': 0}]}]",0,0,0,0,0,0,0,0,0,0,0,0,0,0.0,0.0,0.0,0.0,0,False
298,"[{'fixture': 195, 'stats': [{'identifier': 'minutes', 'points': 1, 'value': 7}]}]",7,0,0,0,0,0,0,0,0,0,0,0,-1,0.0,0.3,4.0,0.2,1,False
303,"[{'fixture': 195, 'stats': [{'identifier': 'minutes', 'points': 1, 'value': 31}]}]",31,0,0,0,1,0,0,0,0,0,0,0,5,6.0,1.0,0.0,0.7,1,False
312,"[{'fixture': 198, 'stats': [{'identifier': 'minutes', 'points': 0, 'value': 0}]}]",0,0,0,0,0,0,0,0,0,0,0,0,0,0.0,0.0,0.0,0.0,0,False
313,"[{'fixture': 198, 'stats': [{'identifier': 'minutes', 'points': 2, 'value': 90}, {'identifier': 'goals_scored', 'points': 4, 'value': 1}, {'identifier': 'bonus', 'points': 3, 'value': 3}]}]",90,1,0,0,1,0,0,0,0,0,0,3,29,35.4,2.5,110.0,14.8,9,False
314,"[{'fixture': 198, 'stats': [{'identifier': 'minutes', 'points': 0, 'value': 0}]}]",0,0,0,0,0,0,0,0,0,0,0,0,0,0.0,0.0,0.0,0.0,0,False
315,"[{'fixture': 198, 'stats': [{'identifier': 'minutes', 'points': 0, 'value': 0}]}]",0,0,0,0,0,0,0,0,0,0,0,0,0,0.0,0.0,0.0,0.0,0,False
316,"[{'fixture': 198, 'stats': [{'identifier': 'minutes', 'points': 0, 'value': 0}]}]",0,0,0,0,0,0,0,0,0,0,0,0,0,0.0,0.0,0.0,0.0,0,False
338,"[{'fixture': 197, 'stats': [{'identifier': 'minutes', 'points': 2, 'value': 90}, {'identifier': 'goals_scored', 'points': 4, 'value': 1}, {'identifier': 'bonus', 'points': 2, 'value': 2}]}]",90,1,0,0,2,0,0,0,0,0,0,2,28,45.0,24.4,44.0,11.3,8,False
339,"[{'fixture': 197, 'stats': [{'identifier': 'minutes', 'points': 0, 'value': 0}]}]",0,0,0,0,0,0,0,0,0,0,0,0,0,0.0,0.0,0.0,0.0,0,False
362,"[{'fixture': 199, 'stats': [{'identifier': 'minutes', 'points': 2, 'value': 90}, {'identifier': 'goals_scored', 'points': 8, 'value': 2}, {'identifier': 'yellow_cards', 'points': -1, 'value': 1}, {'identifier': 'bonus', 'points': 3, 'value': 3}]}]",90,2,0,1,0,0,0,0,1,0,0,3,57,84.4,36.8,117.0,23.8,12,True
363,"[{'fixture': 199, 'stats': [{'identifier': 'minutes', 'points': 2, 'value': 90}]}]",90,0,0,1,0,0,0,0,0,0,0,0,19,20.4,72.8,14.0,10.7,2,False
364,"[{'fixture': 199, 'stats': [{'identifier': 'minutes', 'points': 0, 'value': 0}]}]",0,0,0,0,0,0,0,0,0,0,0,0,0,0.0,0.0,0.0,0.0,0,False
365,"[{'fixture': 199, 'stats': [{'identifier': 'minutes', 'points': 0, 'value': 0}]}]",0,0,0,0,0,0,0,0,0,0,0,0,0,0.0,0.0,0.0,0.0,0,False
385,"[{'fixture': 200, 'stats': [{'identifier': 'minutes', 'points': 0, 'value': 0}]}]",0,0,0,0,0,0,0,0,0,0,0,0,0,0.0,0.0,0.0,0.0,0,False
386,"[{'fixture': 200, 'stats': [{'identifier': 'minutes', 'points': 0, 'value': 0}]}]",0,0,0,0,0,0,0,0,0,0,0,0,0,0.0,0.0,0.0,0.0,0,False
387,"[{'fixture': 200, 'stats': [{'identifier': 'minutes', 'points': 0, 'value': 0}]}]",0,0,0,0,0,0,0,0,0,0,0,0,0,0.0,0.0,0.0,0.0,0,False
409,"[{'fixture': 194, 'stats': [{'identifier': 'minutes', 'points': 1, 'value': 18}]}]",18,0,0,0,0,0,0,0,0,0,0,0,2,4.2,10.3,20.0,3.5,1,False
410,"[{'fixture': 194, 'stats': [{'identifier': 'minutes', 'points': 2, 'value': 71}]}]",71,0,0,0,1,0,0,0,0,0,0,0,6,7.2,0.9,17.0,2.5,2,False
428,"[{'fixture': 199, 'stats': [{'identifier': 'minutes', 'points': 2, 'value': 90}]}]",90,0,0,0,3,0,0,0,0,0,0,0,2,4.6,4.0,25.0,3.4,2,False
434,"[{'fixture': 197, 'stats': [{'identifier': 'minutes', 'points': 0, 'value': 0}]}]",0,0,0,0,0,0,0,0,0,0,0,0,0,0.0,0.0,0.0,0.0,0,False
437,"[{'fixture': 198, 'stats': [{'identifier': 'minutes', 'points': 2, 'value': 62}]}]",62,0,0,0,1,0,0,0,0,0,0,0,10,7.2,17.7,4.0,2.9,2,False
451,"[{'fixture': 193, 'stats': [{'identifier': 'minutes', 'points': 1, 'value': 31}]}]",31,0,0,0,1,0,0,0,0,0,0,0,7,14.4,0.3,18.0,3.3,1,False
457,"[{'fixture': 200, 'stats': [{'identifier': 'minutes', 'points': 1, 'value': 54}]}]",54,0,0,0,1,0,0,0,0,0,0,0,2,0.0,12.7,55.0,6.7,1,False
460,"[{'fixture': 191, 'stats': [{'identifier': 'minutes', 'points': 2, 'value': 90}, {'identifier': 'goals_scored', 'points': 4, 'value': 1}, {'identifier': 'bonus', 'points': 1, 'value': 1}]}]",90,1,0,0,1,0,0,0,0,0,0,1,25,33.2,1.1,86.0,12.0,7,False
461,"[{'fixture': 191, 'stats': [{'identifier': 'minutes', 'points': 0, 'value': 0}]}]",0,0,0,0,0,0,0,0,0,0,0,0,0,0.0,0.0,0.0,0.0,0,False
464,"[{'fixture': 194, 'stats': [{'identifier': 'minutes', 'points': 0, 'value': 0}]}]",0,0,0,0,0,0,0,0,0,0,0,0,0,0.0,0.0,0.0,0.0,0,False
466,"[{'fixture': 196, 'stats': [{'identifier': 'minutes', 'points': 2, 'value': 73}, {'identifier': 'yellow_cards', 'points': -1, 'value': 1}]}]",73,0,0,0,2,0,0,0,1,0,0,0,9,12.8,25.0,36.0,7.4,1,False
468,"[{'fixture': 198, 'stats': [{'identifier': 'minutes', 'points': 2, 'value': 90}]}]",90,0,0,0,1,0,0,0,0,0,0,0,5,4.8,2.6,1.0,0.8,2,False
487,"[{'fixture': 194, 'stats': [{'identifier': 'minutes', 'points': 0, 'value': 0}]}]",0,0,0,0,0,0,0,0,0,0,0,0,0,0.0,0.0,0.0,0.0,0,False
496,"[{'fixture': 196, 'stats': [{'identifier': 'minutes', 'points': 2, 'value': 60}]}]",60,0,0,0,1,0,0,0,0,0,0,0,0,4.0,13.7,93.0,11.1,2,False
501,"[{'fixture': 195, 'stats': [{'identifier': 'minutes', 'points': 1, 'value': 15}]}]",15,0,0,0,1,0,0,0,0,0,0,0,2,7.2,0.2,0.0,0.7,1,False
502,"[{'fixture': 192, 'stats': [{'identifier': 'minutes', 'points': 2, 'value': 90}, {'identifier': 'assists', 'points': 3, 'value': 1}]}]",90,0,1,1,0,0,0,0,0,0,0,0,6,19.4,16.2,25.0,6.1,5,False
504,"[{'fixture': 191, 'stats': [{'identifier': 'minutes', 'points': 0, 'value': 0}]}]",0,0,0,0,0,0,0,0,0,0,0,0,0,0.0,0.0,0.0,0.0,0,False
509,"[{'fixture': 197, 'stats': [{'identifier': 'minutes', 'points': 0, 'value': 0}]}]",0,0,0,0,0,0,0,0,0,0,0,0,0,0.0,0.0,0.0,0.0,0,False
512,"[{'fixture': 199, 'stats': [{'identifier': 'minutes', 'points': 0, 'value': 0}]}]",0,0,0,0,0,0,0,0,0,0,0,0,0,0.0,0.0,0.0,0.0,0,False
514,"[{'fixture': 200, 'stats': [{'identifier': 'minutes', 'points': 1, 'value': 20}]}]",20,0,0,0,0,0,0,0,0,0,0,0,0,0.0,0.0,20.0,1.9,1,False
520,"[{'fixture': 196, 'stats': [{'identifier': 'minutes', 'points': 2, 'value': 90}, {'identifier': 'assists', 'points': 3, 'value': 1}]}]",90,0,1,0,2,0,0,0,0,0,0,0,15,31.6,33.9,87.0,15.3,5,False
534,"[{'fixture': 192, 'stats': [{'identifier': 'minutes', 'points': 0, 'value': 0}]}]",0,0,0,0,0,0,0,0,0,0,0,0,0,0.0,0.0,0.0,0.0,0,False
535,"[{'fixture': 198, 'stats': [{'identifier': 'minutes', 'points': 0, 'value': 0}]}]",0,0,0,0,0,0,0,0,0,0,0,0,0,0.0,0.0,0.0,0.0,0,False
538,"[{'fixture': 197, 'stats': [{'identifier': 'minutes', 'points': 0, 'value': 0}]}]",0,0,0,0,0,0,0,0,0,0,0,0,0,0.0,0.0,0.0,0.0,0,False
547,"[{'fixture': 195, 'stats': [{'identifier': 'minutes', 'points': 0, 'value': 0}]}]",0,0,0,0,0,0,0,0,0,0,0,0,0,0.0,0.0,0.0,0.0,0,False
554,"[{'fixture': 196, 'stats': [{'identifier': 'minutes', 'points': 1, 'value': 16}]}]",16,0,0,0,0,0,0,0,0,0,0,0,2,0.0,1.6,2.0,0.4,1,False
559,"[{'fixture': 194, 'stats': [{'identifier': 'minutes', 'points': 0, 'value': 0}]}]",0,0,0,0,0,0,0,0,0,0,0,0,0,0.0,0.0,0.0,0.0,0,False
561,"[{'fixture': 196, 'stats': [{'identifier': 'minutes', 'points': 0, 'value': 0}]}]",0,0,0,0,0,0,0,0,0,0,0,0,0,0.0,0.0,0.0,0.0,0,False
570,"[{'fixture': 196, 'stats': [{'identifier': 'minutes', 'points': 0, 'value': 0}]}]",0,0,0,0,0,0,0,0,0,0,0,0,0,0.0,0.0,0.0,0.0,0,False
581,"[{'fixture': 198, 'stats': [{'identifier': 'minutes', 'points': 0, 'value': 0}]}]",0,0,0,0,0,0,0,0,0,0,0,0,0,0.0,0.0,0.0,0.0,0,False
585,"[{'fixture': 191, 'stats': [{'identifier': 'minutes', 'points': 0, 'value': 0}]}]",0,0,0,0,0,0,0,0,0,0,0,0,0,0.0,0.0,0.0,0.0,0,False
